state,StateAbbr,PlaceName,Population2010,ACCESS2_AdjPrev,BPHIGH_AdjPrev,BPMED_AdjPrev,CANCER_AdjPrev,CHD_AdjPrev,CHECKUP_AdjPrev,CHOLSCREEN_AdjPrev,COLON_SCREEN_AdjPrev,COPD_AdjPrev,COREM_AdjPrev,COREW_AdjPrev,DENTAL_AdjPrev,DIABETES_AdjPrev,HIGHCHOL_AdjPrev,LPA_AdjPrev,MAMMOUSE_AdjPrev,OBESITY_AdjPrev,PAPTEST_AdjPrev,PHLTH_AdjPrev,STROKE_AdjPrev,Geolocation,health_exp,region,division
Alabama,AL,Birmingham,212237,21.4,45.9,70.5,6.1,7.6,77.3,74.4,62.7,9.4,30.3,27.9,49.1,16.1,35.4,31.7,79.7,39,80.1,18.3,5,"(33.5275663773, -86.7988174678)",7281,South,East South Central
Alabama,AL,Hoover,81619,10.2,31.9,63.8,6.8,5.4,73.9,77,73.6,5.3,42.3,42.2,72.7,7.7,35,17.8,82.1,24.7,86.3,10,2.2,"(33.3767602729, -86.8051937568)",7281,South,East South Central
Alabama,AL,Huntsville,180105,16.3,36.7,66.9,6.5,6.7,70.8,76.2,65.8,7.5,39.7,36.9,60.5,10.7,35.8,24.9,80,32,83.5,13.9,3.2,"(34.6989692671, -86.6387042882)",7281,South,East South Central
Alabama,AL,Mobile,195111,19.1,43,69.3,6.5,7.6,72.4,73.2,62.7,8.7,34.3,32.2,52.6,13.8,37.6,27.4,80.1,37.6,81.9,16.3,4.1,"(30.6776248648, -88.1184482714)",7281,South,East South Central
Alabama,AL,Montgomery,205764,18.5,40.6,70.3,6.4,7.2,75.2,75.1,63.3,8.6,32.1,27.7,57.1,13.3,36.9,27.9,80.2,36.8,83,16.2,4.1,"(32.3472645333, -86.2677059552)",7281,South,East South Central
Alabama,AL,Tuscaloosa,90468,18.5,40,69,6.5,7.4,74.3,74.4,64.2,9.1,36,33.7,56.4,13.6,38.7,28.6,79.8,38.5,81,16.6,4.1,"(33.2336083951, -87.5268004073)",7281,South,East South Central
Alaska,AK,Anchorage,291826,14.5,30.2,49,6.2,5,60.7,70.2,60.3,5,33.4,29,66,8.2,32.9,19.2,70.4,27.7,79.9,9.9,2.6,"(61.149868731, -149.111113424)",11064,West,Pacific
Arizona,AZ,Avondale,76238,21.4,28.4,56,5.5,6.1,64.8,70.7,59,6.5,29.1,27.5,56.7,11,33.9,24.3,77.2,30.1,80.3,13.5,3.1,"(33.3858367405, -112.323626619)",6452,West,Mountain
Arizona,AZ,Chandler,236123,12.3,26,54.8,6,5,66.1,72.8,67,5.3,34.5,35.2,68,7.7,33.1,17.4,80.3,24.5,83.5,9.7,2.4,"(33.28318981, -111.852210033)",6452,West,Mountain
Arizona,AZ,Gilbert,208453,9.7,25.3,54.2,6.1,4.8,66.3,73.8,69,4.9,35.7,36.9,71.2,7.1,32.8,15.6,81.2,23.5,85,8.8,2.2,"(33.310149392, -111.746237467)",6452,West,Mountain
Arizona,AZ,Glendale,226721,20.5,28.3,56.4,5.9,6.1,64.3,70.3,60.4,7.2,31.5,30.4,57.1,9.9,34.1,23.7,76.7,29.6,78.6,13.5,3.1,"(33.5796123089, -112.225306421)",6452,West,Mountain
Arizona,AZ,Mesa,439041,17.1,27.5,55.7,6.1,5.9,64.4,71.1,62.9,6.9,33.1,32.4,60.6,8.9,33.8,21.3,77.5,28.3,80.4,12.3,2.9,"(33.4022837359, -111.718721181)",6452,West,Mountain
Arizona,AZ,Peoria,154065,13.2,26.1,54.8,6.2,5.3,65.4,72.9,65.7,6,34.4,34.6,65.8,7.9,33.1,18.6,79.1,26,82.7,10.6,2.5,"(33.7847206422, -112.298680584)",6452,West,Mountain
Arizona,AZ,Phoenix,1445632,22.2,28.9,56.7,5.9,6.1,64.1,69.7,60.1,7.1,31.7,30.7,56.4,10.2,34.3,24.1,76.7,30.1,78.5,13.8,3.1,"(33.5724138695, -112.088995222)",6452,West,Mountain
Arizona,AZ,Scottsdale,217385,9.3,25.6,54.4,6.3,4.7,66.1,73.3,70.1,4.9,37.1,37.7,72.3,6.5,33,14.6,81.4,23.2,85.1,8.5,2.1,"(33.6872493651, -111.865085877)",6452,West,Mountain
Arizona,AZ,Surprise,117517,13.4,26.3,55,6.2,5.3,65.5,72.9,66.3,5.9,35.1,35.3,65.6,7.9,33.1,18.5,79.6,26.3,82.9,10.5,2.5,"(33.6803835177, -112.452218439)",6452,West,Mountain
Arizona,AZ,Tempe,161719,14.7,28.2,56.4,6.1,5.5,64.9,70.4,64.5,6.2,34,33.5,62.9,8.5,34.1,19.4,78.8,27.2,80.5,11.3,2.7,"(33.3882640307, -111.931802302)",6452,West,Mountain
Arizona,AZ,Tucson,520116,20.6,29.6,56.2,6,6.1,62.9,69.9,58,7.4,29.3,30.1,56.9,10,35,22.6,73.5,30.4,75.7,13.8,3.1,"(32.1567244483, -110.877085494)",6452,West,Mountain
Arizona,AZ,Yuma,93064,23.6,31.7,56.1,5.6,6.4,62.8,68.1,52.8,7,31.6,24.8,53.9,11.1,34.5,24.9,75.2,33.3,78.7,14,3.1,"(32.5986027117, -114.54836837)",6452,West,Mountain
Arkansas,AR,Fayetteville,73580,14,32.2,62.1,6.4,6.8,63.6,68.2,59.1,7.1,34.6,31.9,60.4,9.3,33.5,25,71.1,30.4,78.8,12.9,2.8,"(36.0712117312, -94.1659600436)",7408,South,West South Central
Arkansas,AR,Fort Smith,86209,22,37.6,62.4,6.2,8,65,68.1,56.1,9.1,29.7,30.3,54.1,11.6,34.5,33.9,72.8,35.8,74,17.1,3.6,"(35.3491692636, -94.3696317306)",7408,South,West South Central
Arkansas,AR,Jonesboro,67263,17.1,36.3,64.8,6.4,7.4,65.3,69.6,58.9,8,32.6,31.6,57.1,10.3,34.8,30.1,70.1,32.9,78.6,14.6,3.2,"(35.8208121538, -90.6794991686)",7408,South,West South Central
Arkansas,AR,Little Rock,193524,16.6,38.2,67.5,6.1,6.7,69.2,74.3,64.4,6.7,35.5,33.2,61.3,11.8,35.5,26.7,78.2,31,82.8,12.9,3.4,"(34.7253957894, -92.3583751863)",7408,South,West South Central
Arkansas,AR,Springdale,69797,25.3,32.5,61.4,6.1,8,61.7,66.8,51.5,9,30.4,27.5,49.2,11.9,34.1,33.6,66.2,34.5,73.7,17.1,3.5,"(36.1869932598, -94.1536274531)",7408,South,West South Central
California,CA,Alameda,73812,10.7,24.3,51.5,5.7,4.5,66,74,67.5,4.3,33.5,30.1,69.9,8.1,31.3,18.7,80.2,18.7,81.7,9.6,2.2,"(37.7650849031, -122.266489842)",7549,West,Pacific
California,CA,Alhambra,83089,17.9,26.2,51.1,4.5,4.6,67,73.1,55.9,4,22.4,25.3,61.4,10.9,35.3,24.8,79.7,18.1,73.7,11.4,2.3,"(34.0839734383, -118.135514119)",7549,West,Pacific
California,CA,Anaheim,336265,22.1,27.5,52.5,5.3,5.6,64.4,73.8,58.9,5.5,24.7,27.2,59.9,10.5,32,26.2,78.8,23.3,78.5,13.4,2.7,"(33.8389076996, -117.857613481)",7549,West,Pacific
California,CA,Antioch,102372,16.8,29.7,53.4,5.7,5.8,65.4,74.8,62.6,5.9,27.5,25.8,62.7,10.3,32.1,24.4,79.1,30.5,81.9,13.2,2.9,"(37.9777042922, -121.796606971)",7549,West,Pacific
California,CA,Apple Valley,69135,16.9,29,53.1,6.1,6.1,65.1,71.6,61.3,6.9,29.6,27.9,58.9,10,32.5,23.1,78.6,27,81.6,14,3,"(34.5315984948, -117.211012664)",7549,West,Pacific
California,CA,Bakersfield,347483,20.9,31.6,53.8,5.8,6.2,66.2,71.5,60.7,6.4,26,26.8,61.5,10.9,34.8,27.1,76.9,30.3,80.6,14.3,3.1,"(35.3513302855, -119.029786003)",7549,West,Pacific
California,CA,Baldwin Park,75390,30.1,27.4,50.5,4.5,6.1,64.5,72.4,50.9,5.1,20,20.3,52.3,13.7,35.7,30,77.4,27.4,77.5,16.1,2.9,"(34.082871519, -117.972100918)",7549,West,Pacific
California,CA,Bellflower,76616,22.9,28.8,52.6,5.3,6,66.7,73.7,56.9,5.8,23.2,23.9,57.2,11.9,35.1,25.9,79.1,27.4,79.6,14.6,3,"(33.8880417923, -118.127100236)",7549,West,Pacific
California,CA,Berkeley,112580,9.9,25.9,52.3,6.1,4.7,66,73.4,70.3,4.3,35.5,30.7,71.4,7.8,31.4,16.5,81.4,21,84.1,9.4,2.3,"(37.8725678765, -122.274907975)",7549,West,Pacific
California,CA,Buena Park,80530,17.8,26.9,52.6,5.2,5,65.5,74.4,60.1,4.9,25.1,28.6,63.2,9.9,31.7,24.4,79.8,20.5,77.8,11.8,2.5,"(33.8572126844, -118.004517591)",7549,West,Pacific
California,CA,Burbank,103340,12.6,25.4,49.8,6,5.2,66.9,76.1,65.1,4.8,27.7,29.4,69.7,8.3,34.2,18,81.6,21.9,83.6,10.8,2.3,"(34.1879799605, -118.323429032)",7549,West,Pacific
California,CA,Carlsbad,105328,8.8,24.8,51,6.3,4.8,66.8,76.1,69.4,4.5,32.8,31.6,73,7.2,30.3,15.8,81.4,20.1,85.7,8.9,2.1,"(33.1248051026, -117.282903303)",7549,West,Pacific
California,CA,Carson,91714,18.7,28.7,52.6,4.9,5.2,68.9,75.2,60,4.5,22,25.1,61,11.7,34.1,23.8,81.9,24.4,80.2,12.3,2.9,"(33.8374083001, -118.255936422)",7549,West,Pacific
California,CA,Chico,86187,13.4,29.9,50.3,6.5,5.8,61.8,72.3,62.3,6.5,29,29.3,62.9,8.6,34,20.6,78.1,27.1,81.3,12.7,2.8,"(39.7568503668, -121.815983972)",7549,West,Pacific
California,CA,Chino,77983,17.3,27.4,51.2,5.3,5.5,65.7,72.3,61.7,5.1,28,26.8,61.5,10.4,32,22.4,80.5,24.7,83.8,12.4,2.6,"(33.983588126, -117.665296584)",7549,West,Pacific
California,CA,Chino Hills,74799,10.6,25.6,50.6,5.2,4.3,67.6,73.4,66.7,3.8,30.2,31.7,70.2,8.3,31.4,17.8,83.1,18.6,83.9,9,2,"(33.950774546, -117.725326968)",7549,West,Pacific
California,CA,Chula Vista,243916,19.2,26.1,51.7,5.1,5.4,66.2,73.9,60.7,4.8,27,24.7,61.5,11.1,30.9,24,79.3,23.9,82.1,12.1,2.5,"(32.6282964262, -117.010042407)",7549,West,Pacific
California,CA,Citrus Heights,83301,13.1,28.9,52.9,6.3,5.9,62.8,74.3,64.6,6.6,29.8,28.7,63.6,8.8,30.9,20.4,80,26.8,83.1,12.8,2.8,"(38.6947788342, -121.287991502)",7549,West,Pacific
California,CA,Clovis,95631,13.3,27.7,51.7,6,5.5,64.8,71.4,66.5,5.7,31.2,29.7,68.9,8.9,32.6,21.8,79,23.6,82.7,11.6,2.6,"(36.8289400179, -119.68665285)",7549,West,Pacific
California,CA,Compton,96455,32.4,34.5,55.4,5,7.3,67.3,72.6,52.5,7.1,17.7,18.5,46.1,16.5,35.3,32.2,79.2,35.5,78.9,19.1,4.6,"(33.892965693, -118.227506568)",7549,West,Pacific
California,CA,Concord,122067,15.3,27.5,51.4,5.9,5.3,64.4,74.8,65.6,5.2,30.4,29.4,67.1,8.7,32,21.6,80,27.5,82.6,11.7,2.4,"(37.9721810307, -122.001588036)",7549,West,Pacific
California,CA,Corona,152374,16.9,29.1,49,5.7,5.4,66.8,74.7,63.6,5.2,26.3,28.5,65.2,9.7,33,23.3,81.2,26.3,83,12.1,2.6,"(33.8623571787, -117.564224471)",7549,West,Pacific
California,CA,Costa Mesa,109960,15.9,26.8,51.9,5.9,5.4,64.8,75.1,63.5,5.4,27.5,30.1,66.4,8.8,31.6,21.3,80,22.2,81.8,11.8,2.5,"(33.6667651353, -117.91350475)",7549,West,Pacific
California,CA,Daly City,101123,13.9,25,52.3,4.6,4.3,66,75.1,61.1,3.7,26.1,30.1,66.1,9.6,31.3,23.2,80.9,17.6,76.3,9.7,2.1,"(37.6861552276, -122.468298024)",7549,West,Pacific
California,CA,Downey,111772,22.7,26.4,50,5.2,5.7,66.1,74.3,58.7,4.8,24.1,24.8,61.4,11.2,34.8,23.8,80.3,26.3,82.7,13.3,2.6,"(33.937867256, -118.131150116)",7549,West,Pacific
California,CA,El Cajon,99478,19.7,28.5,53.8,6,6.5,64.5,72.8,58.8,7.7,28,24.8,55.5,10.8,31.7,26.1,75.6,27.1,78.3,15.1,3.3,"(32.8016581921, -116.960483614)",7549,West,Pacific
California,CA,Elk Grove,153015,11.4,28.7,53.4,5.5,4.9,65.4,74.6,66.1,4.7,28.8,29.8,67,9,30.4,19.3,82.6,22.3,82.7,10.4,2.4,"(38.4159992006, -121.384137762)",7549,West,Pacific
California,CA,El Monte,113475,32.2,28.7,51.7,4.4,6.3,63.8,70.7,47.4,5.8,19.1,19.8,47.9,14.4,36.5,33,75.2,26.4,71.8,17.4,3.2,"(34.073919653, -118.029071951)",7549,West,Pacific
California,CA,Escondido,143911,23.1,27.3,52.6,5.7,6.3,64.1,72.6,59.1,6.8,27.7,24.9,55.5,11.1,31.6,26.7,76.4,26.5,78.9,14.7,3.1,"(33.1346952955, -117.072122618)",7549,West,Pacific
California,CA,Fairfield,105321,15.8,29.7,54.6,5.6,5.6,65.2,73.8,63.4,5.7,27,28.3,63,10.2,32.3,22.8,78.5,26.7,79.9,12.5,2.9,"(38.2558446343, -122.039303253)",7549,West,Pacific
California,CA,Folsom,72203,8.9,27.1,51.7,6.2,4.7,65,76.2,71.4,4.3,33,33.8,72.7,7.1,29.9,15.2,84.1,21.8,87.1,8.9,2.1,"(38.6750494328, -121.147605753)",7549,West,Pacific
California,CA,Fontana,196069,23.4,29.2,52.5,5.1,6.1,65.2,70.7,57.2,5.9,25.4,23.4,54.9,12.4,32.6,26.6,78.8,28.1,81.8,15,3.1,"(34.0974227833, -117.459241285)",7549,West,Pacific
California,CA,Fremont,214089,10.3,23.1,50.4,5.1,4.1,66.5,74.1,67.7,3.5,33,30.6,71.2,8,31.1,18.7,81.1,15.6,81,8.5,1.9,"(37.5278685405, -121.984121512)",7549,West,Pacific
California,CA,Fresno,494665,24.3,31.4,54.3,5.5,6.6,63.3,67.7,58,7.1,27.4,25.1,56.3,12.3,34,30.3,75.5,28.7,76.7,16.2,3.4,"(36.7826786711, -119.794126569)",7549,West,Pacific
California,CA,Fullerton,135161,16.5,26.9,52.5,5.5,5,65.4,74.4,62.2,4.9,26.8,30.3,65.3,9.1,31.7,22.5,80.2,20.6,79,11.4,2.4,"(33.8840378013, -117.927850895)",7549,West,Pacific
California,CA,Garden Grove,170883,20.8,27.4,52.8,4.9,5.3,64.6,73.3,55.9,5.3,22.9,26.6,58,10.8,32.2,28.1,77.7,19.9,73.2,13,2.7,"(33.7786940635, -117.960111162)",7549,West,Pacific
California,CA,Glendale,191719,14.4,26.7,51,6,5.6,66.1,74.6,61.4,5.8,26.6,27.3,65.2,9,34.9,20.5,79.5,22.5,79.8,12.3,2.7,"(34.181889373, -118.24676666)",7549,West,Pacific
California,CA,Hawthorne,84293,24,31.1,54.3,5.2,6.2,68,73.9,56.6,5.8,21.9,22.6,55.2,13.2,34.9,26.6,80,30.1,80.6,15.3,3.4,"(33.914667701, -118.347667728)",7549,West,Pacific
California,CA,Hayward,144186,18.7,25.7,52,5.3,5.4,65.1,73.1,62,5.2,29.7,25.6,60.4,10.8,31.5,24.7,78.1,23.8,80,12.7,2.8,"(37.6329591551, -122.077051051)",7549,West,Pacific
California,CA,Hemet,78657,22.6,32.1,51.2,6.1,6.8,64.8,72.3,56.6,8,25.3,25.5,54.9,11.1,34.3,29.1,76.2,31.5,77.6,16.6,3.4,"(33.7352277311, -116.994605005)",7549,West,Pacific
California,CA,Hesperia,90173,22.2,29.8,52.9,5.8,6.8,63.8,70.1,56,7.6,26.9,23.8,53,11.7,33.2,26.8,76.2,29.2,79.7,16.3,3.4,"(34.3973476773, -117.314392219)",7549,West,Pacific
California,CA,Huntington Beach,189992,11.1,25.4,51.3,6.1,4.8,65.8,76.7,67.7,4.7,29.1,33.1,71.9,7.4,30.9,18,81.9,19.6,83.5,9.8,2.2,"(33.6952749077, -118.001810806)",7549,West,Pacific
California,CA,Indio,76036,27.7,30.9,49.7,5.6,6.5,64.4,72,57.1,6.4,25.9,25.9,55.3,11.8,34.2,29.6,77.8,31.6,79.4,16.3,3.1,"(33.7298067837, -116.237258141)",7549,West,Pacific
California,CA,Inglewood,109673,26.3,34.3,55.8,5.2,6.5,69.3,74.1,57.6,6.2,19.8,21.4,52.3,14.8,34.5,27.9,81.5,33.6,81.6,16.5,4.1,"(33.9565748018, -118.344444926)",7549,West,Pacific
California,CA,Irvine,212375,9,25.7,52.1,5.6,4.2,67.1,75.4,67.5,3.7,28.7,33.2,73.8,7.2,31.2,17.2,82.7,15.6,80.9,8.3,2,"(33.6780108904, -117.773633283)",7549,West,Pacific
California,CA,Lake Forest,77264,11,25.1,50.9,5.9,4.8,66.3,76.9,67.6,4.5,28.1,31.6,72.5,7.6,30.7,17.9,82.2,19.2,84.4,9.5,2.2,"(33.6634128948, -117.670683341)",7549,West,Pacific
California,CA,Lakewood,80048,14.3,25.8,50.5,5.7,5.1,67.7,76.1,64.1,4.7,26.4,28.9,67.4,9.1,34,19.7,81.7,22.4,82.9,11,2.4,"(33.8470531941, -118.122204765)",7549,West,Pacific
California,CA,Lancaster,156633,21.5,30,53.3,5.8,6.6,66.6,74.1,57.2,6.9,23.3,23.2,56.4,11.9,35.1,25.5,78.2,29.3,79.9,15.5,3.5,"(34.6934347017, -118.175306356)",7549,West,Pacific
California,CA,Livermore,80968,10.8,22.9,49.6,6.2,4.9,65.1,75.6,70.1,4.7,35.3,31.1,71.9,7.5,30.7,17.2,80.5,21,86,9.8,2.2,"(37.6865101361, -121.764357841)",7549,West,Pacific
California,CA,Long Beach,462257,21,28.8,52.7,5.6,5.8,66.8,73.7,59.6,5.6,25.2,26.5,59.9,11.1,35,23.9,79.8,26.2,79.5,13.9,3,"(33.8060144825, -118.160894146)",7549,West,Pacific
California,CA,Los Angeles,3792621,23.4,28.9,52.3,5.4,6,65.9,73,57.5,5.7,24.3,24.9,58.2,11.7,35.4,25.1,79.1,26.7,79.1,14.7,3.1,"(34.1182277898, -118.408500088)",7549,West,Pacific
California,CA,Lynwood,69772,37.1,31.2,53,4.7,7.5,64.2,71.1,47.6,6.8,18,17,44.8,16.4,36.3,34,76,34.2,77,20.2,4,"(33.9239616867, -118.201648375)",7549,West,Pacific
California,CA,Manteca,67096,17.1,30.5,53.2,5.8,5.9,63.2,73.6,63,6.1,28.7,27.1,62.1,9.5,34.3,25.1,78.6,27.8,82.4,13,2.8,"(37.7961925102, -121.231230612)",7549,West,Pacific
California,CA,Menifee,77519,15.4,28.8,48.7,6.1,5.8,66.5,75.5,63.7,5.9,27.2,29,65.3,9.2,32.8,22.8,80.3,27,83.4,12.5,2.7,"(33.6909533045, -117.18487699)",7549,West,Pacific
California,CA,Merced,78958,25,34.5,54.1,5.5,6.8,63.6,67.4,54.2,7.3,25.5,22.7,54.2,12.4,35.3,30.2,73.8,31.6,75.4,17,3.5,"(37.3055863217, -120.477710571)",7549,West,Pacific
California,CA,Milpitas,66790,12,25.5,50.4,4.5,4,66.2,75,62,3.5,25.5,30.7,69.9,9,31.4,21.1,81.4,15.2,76.6,8.8,2,"(37.433869763, -121.892083025)",7549,West,Pacific
California,CA,Mission Viejo,93305,9.4,24.8,50.8,6.2,4.6,66.5,77.4,69.6,4.3,29.9,34.2,74.9,6.9,30.5,16.2,82.9,18.8,85.6,8.9,2,"(33.6095976891, -117.655029608)",7549,West,Pacific
California,CA,Modesto,201165,19.5,29.5,53.5,5.9,6.3,64.3,70.7,60.6,6.8,26.9,27.3,59.5,10.4,32.7,25.6,78.1,30,78.9,14.7,3.1,"(37.6615478221, -120.988548061)",7549,West,Pacific
California,CA,Moreno Valley,193365,23.7,32.8,51.7,5.4,6.3,66.6,72.9,57.6,6.4,22.9,23.9,55.4,12.5,33.8,29.3,79,31.7,79.8,15.6,3.4,"(33.9244314112, -117.204501895)",7549,West,Pacific
California,CA,Mountain View,74066,9.4,25.7,50,5.6,4.2,65.9,75.8,68,3.6,30,33.4,76.3,7.3,31.2,15.7,82.9,18.4,84,8.2,1.9,"(37.3999252379, -122.079544343)",7549,West,Pacific
California,CA,Murrieta,103466,12.3,28.3,48.7,6.1,5.2,67.3,75.9,66.4,5.1,28.6,31.5,69.3,8.3,32.6,20.3,81.9,24.8,84,10.9,2.4,"(33.5719743356, -117.190921143)",7549,West,Pacific
California,CA,Napa,76915,16.6,27,51.1,6.1,5.7,64,73.7,63.8,5.9,28.5,29.9,66.3,8.8,32,21.6,78.3,26.1,83.4,12.4,2.6,"(38.2980424649, -122.301093331)",7549,West,Pacific
California,CA,Newport Beach,85186,7,25.1,51,6.4,4.4,66.7,77.5,71.3,3.9,31.5,35.5,78.2,6.1,30.7,13.8,83.5,17.8,86.6,7.9,1.9,"(33.6150103607, -117.867364631)",7549,West,Pacific
California,CA,Norwalk,105549,24.5,26.8,50.3,4.9,5.8,65.7,73.9,55.9,5,22.3,23.1,58,12.2,35,26,79.3,26.5,80.4,14.2,2.7,"(33.9068808228, -118.082915204)",7549,West,Pacific
California,CA,Oakland,390724,18.3,29.3,54.9,5.4,5.5,66.5,72.7,63,5.6,28.9,25,59.5,11.5,31.7,24.5,79.2,25.8,80.7,13.3,3.3,"(37.790878035, -122.214859257)",7549,West,Pacific
California,CA,Oceanside,167086,16.7,26.4,52,5.9,5.7,65.6,74.4,62.8,5.8,29.3,27.3,62,9.8,30.9,22.6,78.5,24.4,81.8,12.2,2.7,"(33.2247457474, -117.308200285)",7549,West,Pacific
California,CA,Ontario,163924,24.6,28.8,52.2,5.2,6.2,64.4,70.4,56.5,6.1,26,24,53.8,12.3,32.8,27.1,78.2,28.4,81.2,15.5,3.1,"(34.0392649464, -117.606427103)",7549,West,Pacific
California,CA,Orange,136416,15.9,26.3,51.6,5.7,5.2,65.1,75.3,63.7,5.1,26.9,29.9,66.5,8.8,31.4,21.5,80.4,21.6,81.9,11.4,2.4,"(33.8046419567, -117.8231855)",7549,West,Pacific
California,CA,Oxnard,197899,26.9,30.7,52.8,4.9,6.2,60.3,72.9,56.2,5.7,23.2,22.5,55.3,12.2,33.9,29.2,76.9,27.8,79.6,15.3,3,"(34.1959237731, -119.18187657)",7549,West,Pacific
California,CA,Palmdale,152750,25.4,29.6,52.8,5.5,6.6,65.9,73.3,56.3,6.6,22.7,22.4,55,12.6,35.3,27,78.3,29.6,79.5,16.2,3.4,"(34.5944899803, -118.105772328)",7549,West,Pacific
California,CA,Pasadena,137122,15.3,27.4,51.5,5.7,5.1,67.6,74.8,63.9,4.5,26.8,28.5,67.5,9.5,34.6,19.2,82.1,23,82.9,11.2,2.5,"(34.1597634806, -118.138921644)",7549,West,Pacific
California,CA,Perris,68386,29.6,33.1,51.2,5.1,7,65,71.7,52.3,6.9,20.8,20.5,50,14.2,34.4,33.3,76.9,34,78.1,18,3.7,"(33.7897346094, -117.223291831)",7549,West,Pacific
California,CA,Pleasanton,70285,8,22.5,49.6,6.1,4.3,66.3,75.7,72.3,3.8,36.6,33,76,6.7,30.6,15.1,82,17.5,86,8.1,1.9,"(37.6656092171, -121.880775002)",7549,West,Pacific
California,CA,Pomona,149058,28.6,29.2,51.9,5,6.4,65,72.2,53.6,5.9,21.5,21.8,53.4,13.4,35.8,28.5,78.1,29.2,78.3,16.4,3.2,"(34.0585026366, -117.762551658)",7549,West,Pacific
California,CA,Rancho Cucamonga,165269,12.6,26.9,51.5,5.8,5,66.9,73.5,66.3,4.8,30.7,30,67.2,8.9,31.5,18.8,82.2,23,85.5,10.7,2.4,"(34.1245895555, -117.56617587)",7549,West,Pacific
California,CA,Redding,89861,13.1,27.1,52.5,6.5,6.1,62.1,72.8,61.8,7.2,31.9,26.1,60.8,8.6,32.4,20.7,75.1,27.1,79.9,13.3,2.9,"(40.5697591271, -122.365026322)",7549,West,Pacific
California,CA,Redlands,68747,13.3,26.8,51.5,6.1,5.1,66.2,73,66.1,5.1,32.3,31.2,66.6,8.5,31.7,18.9,81.4,23.2,84.3,11.1,2.4,"(34.0511315317, -117.170935294)",7549,West,Pacific
California,CA,Redondo Beach,66748,8.1,24.8,49.3,6.2,4.5,68.1,77,69.9,3.8,29.9,32.7,76.7,7,33.8,13.9,83.9,19.3,86.5,8.4,1.9,"(33.8575280159, -118.376567893)",7549,West,Pacific
California,CA,Redwood City,76815,15.8,25.3,51.7,5.8,5,64.8,75.7,66.1,4.6,30.3,32.4,68.6,8.5,31.1,19.9,81.4,23.7,83.7,10.7,2.3,"(37.5009145276, -122.224767617)",7549,West,Pacific
California,CA,Rialto,99171,25.9,30.7,53.6,5.2,6.6,65.2,70.5,55.7,6.6,24.5,22.2,51,13.4,32.7,28.6,78.2,30.8,81.2,16.5,3.5,"(34.1128158089, -117.388535978)",7549,West,Pacific
California,CA,Richmond,103701,21.1,32.3,54.9,5.3,5.9,66,73.7,60.9,5.9,25.2,23.9,58,12.1,32.3,27.3,79.8,32.5,80.3,14.4,3.4,"(37.9479710365, -122.336803759)",7549,West,Pacific
California,CA,Riverside,303871,21.2,31.1,50.4,5.7,6.1,65.7,72.8,60,6.2,25.6,26.7,59.1,10.8,33.8,26.7,79.2,29.4,80.3,14.5,3,"(33.9381251685, -117.394845824)",7549,West,Pacific
California,CA,Roseville,118788,10.2,26.1,51.3,6.3,5,65.5,76.4,67.1,5,32.3,33,72.3,7.5,32.4,17.7,80.3,22.6,84.6,10.2,2.3,"(38.7657516182, -121.302847708)",7549,West,Pacific
California,CA,Sacramento,466488,17.6,31.9,55.4,5.5,5.9,63.9,72.2,60.6,6.3,26.9,26.3,58.2,11.1,31.5,24.1,79.8,27.3,79.4,13.9,3.1,"(38.5666321567, -121.468299801)",7549,West,Pacific
California,CA,Salinas,150441,30.5,30.1,52.6,5.1,6.6,62.3,68.4,53.5,6.4,24.2,22.8,51.5,12.8,35.9,30.1,74.7,29.8,78.1,16.9,3.2,"(36.6889174321, -121.631811961)",7549,West,Pacific
California,CA,San Bernardino,209924,29,32.5,55.1,5.4,7.3,64,68.4,51.8,8,24.4,21.3,46.3,14.2,33.7,31.5,75.3,32.2,76.9,19,4,"(34.1392322844, -117.295272732)",7549,West,Pacific
California,CA,San Buenaventura (Ventura),106433,13.5,28.8,52,6.1,5.3,62,75.6,66.4,5.2,28.9,29.3,68.9,8.1,32.9,19.6,80.1,23.5,84.5,11,2.4,"(34.2743610206, -119.231436551)",7549,West,Pacific
California,CA,San Diego,1307402,14.8,26.7,52.6,5.7,5.2,66.4,74.1,64.2,4.9,29.9,28.4,64.9,9.5,30.9,21,79.9,22.2,81.5,11,2.5,"(32.8355639418, -117.119792061)",7549,West,Pacific
California,CA,San Francisco,805235,11.7,25.9,50.5,5.2,4.7,62.4,75.3,62.2,4.3,27.7,28.8,68.6,8.9,31.4,20.1,78.9,18.4,79.1,10.1,2.3,"(37.7559136611, -122.440987876)",7549,West,Pacific
California,CA,San Jose,945942,15.7,26.6,50.8,5.1,4.8,64.9,74.5,62,4.4,26.8,29.8,67.6,9.4,31.7,21.7,80.5,20.5,79.5,10.7,2.3,"(37.3003963176, -121.847228423)",7549,West,Pacific
California,CA,San Leandro,84950,15.8,25.2,52.1,5.3,5,65.8,73.7,63.5,4.9,30.8,27.1,63,9.8,31.3,23.4,78.8,21.4,80,11.5,2.6,"(37.7074299262, -122.159061655)",7549,West,Pacific
California,CA,San Marcos,83781,17,26.2,51.9,5.9,5.7,65.5,74,62.5,5.8,29.1,26.8,62.3,9.7,31,22.6,78.3,23.7,81.4,12.3,2.7,"(33.134965986, -117.174363098)",7549,West,Pacific
California,CA,San Mateo,97207,12.2,24.5,51.3,5.7,4.6,65.6,76.7,67.3,4.1,30.5,33.4,71.6,7.9,30.7,18.3,82.1,21.1,83.5,9.4,2.1,"(37.5518226893, -122.312390346)",7549,West,Pacific
California,CA,San Ramon,72148,6.8,25.4,50.4,5.7,4,67.1,76.7,71.8,3.3,32.8,34,78.6,6.6,31.2,14.8,83.7,19.3,85.5,7.3,1.7,"(37.7623705462, -121.938150371)",7549,West,Pacific
California,CA,Santa Ana,324528,31.8,28.6,52.6,4.7,6.3,62.6,72.2,51.3,6,20.8,22.5,50.6,13.4,32.8,32.5,76.1,26.9,75.8,16.9,3.1,"(33.7366948419, -117.881890237)",7549,West,Pacific
California,CA,Santa Barbara,88410,15.6,27.1,51.2,6,5.3,62.1,73.5,65.2,5.1,30.5,31.3,68.7,8.5,31.1,19,80.1,23.7,83.7,11.4,2.4,"(34.4285733874, -119.720187334)",7549,West,Pacific
California,CA,Santa Clara,116468,10.4,25.9,50.3,5.4,4.4,65.9,75.4,65.5,3.9,28.8,31.8,73.5,8.1,31.3,17.8,82,18.1,81.4,8.9,2,"(37.3646197504, -121.967932117)",7549,West,Pacific
California,CA,Santa Clarita,176320,13.8,25.3,49.8,6.1,5.2,66.9,76.1,65.9,4.8,27.9,30,69.4,8.4,34,18.2,81.9,22.7,84.4,10.9,2.3,"(34.4119039185, -118.503504698)",7549,West,Pacific
California,CA,Santa Maria,99553,30.9,29.4,52.5,5.4,6.8,59.5,70.3,53.5,7.1,24.6,24.3,52.3,12.6,32.3,30,74.8,29.3,76.9,17.5,3.3,"(34.9333735757, -120.443326954)",7549,West,Pacific
California,CA,Santa Monica,89736,8.7,25.8,50.2,6.3,4.7,67.8,76.3,68.7,4,29.8,31.7,75.3,7.2,34.1,14.2,83.3,20.3,85.9,8.9,2.1,"(34.0231891612, -118.481563937)",7549,West,Pacific
California,CA,Santa Rosa,167815,15.5,26.3,50.9,6.2,5.4,61.3,74.1,64.5,5.6,30.5,31.1,66.6,8.5,30.7,20.1,80.5,23.2,83.4,11.9,2.5,"(38.4464423102, -122.706005935)",7549,West,Pacific
California,CA,Simi Valley,124237,11.4,27.8,51.5,6,5,62.6,76.6,67.7,4.9,28.7,29.8,70.9,7.7,32.4,18.8,80.9,21.6,84.7,10.1,2.2,"(34.2662462857, -118.748980462)",7549,West,Pacific
California,CA,South Gate,94396,35.7,28,50.5,4.6,6.9,63.5,71.9,49,5.8,19.8,18.5,48.9,15,35.9,31.9,76.5,31.8,78.9,18.6,3.2,"(33.9447322664, -118.192550525)",7549,West,Pacific
California,CA,Stockton,291707,23.4,33.9,56,5.2,6.4,63.2,70.7,56.4,6.7,25.4,23.4,53.5,12.1,35.5,31,76.3,29.4,76.2,15.7,3.4,"(37.9766322679, -121.311121669)",7549,West,Pacific
California,CA,Sunnyvale,140081,10,25.4,50,5.3,4.2,66.2,75.6,66.9,3.5,29.8,33.5,75,7.6,31.1,16.9,82.7,16.9,81.7,8.2,1.9,"(37.3834416566, -122.025624324)",7549,West,Pacific
California,CA,Temecula,100097,11.9,28.2,48.5,6.1,5.1,67.2,75.8,66.7,5,28.6,31.5,69.9,8.2,32.6,19.9,82,24.3,84.1,10.6,2.3,"(33.5029980884, -117.12239028)",7549,West,Pacific
California,CA,Thousand Oaks,126683,10,27.6,51.5,6.2,4.7,63,76.7,69.9,4.4,30.4,31.6,73.7,6.9,32.3,16.8,81.8,20.4,85.6,9.2,2.1,"(34.1917745655, -118.874888411)",7549,West,Pacific
California,CA,Torrance,145438,10.6,24.9,50,5.5,4.4,68.2,75.8,65.9,3.8,27.7,31.1,72,8,34.1,17.4,82.9,17.7,81.7,9,2,"(33.8345985464, -118.341641983)",7549,West,Pacific
California,CA,Tracy,82922,16,30.2,53.2,5.5,5.5,64.2,74,63.6,5.4,27.7,26.9,63.7,9.6,34,24.5,79.7,26.1,82.6,12.1,2.7,"(37.7243277375, -121.444621463)",7549,West,Pacific
California,CA,Turlock,68549,18.1,28.4,52.7,6,6.1,64.5,71.5,62.1,6.5,27.7,28.5,62.1,9.8,32.4,24.1,78.7,28.8,80.4,13.8,2.9,"(37.5052158271, -120.858762412)",7549,West,Pacific
California,CA,Tustin,75540,16.9,26.6,52.2,5.5,5,65.5,74.8,62.7,4.9,26.4,29.7,65.7,9.1,31.5,22.4,80.5,20.5,80.1,11.4,2.4,"(33.7308520326, -117.810730968)",7549,West,Pacific
California,CA,Union City,69516,14,24.2,51.3,4.7,4.4,66.1,73.2,63.2,3.9,29.7,27.4,65.2,9.7,31.5,22.9,79.5,17.3,78.3,10.1,2.2,"(37.6028390812, -122.018966106)",7549,West,Pacific
California,CA,Upland,73732,15.6,27.5,52.1,5.9,5.3,66,72.1,64.4,5.4,31.2,29.6,63.5,9.3,32,20.8,80.8,24.5,83.3,12,2.6,"(34.1178445701, -117.660290062)",7549,West,Pacific
California,CA,Vacaville,92428,12.8,28.2,52.9,6,5.6,64.6,75.2,66.4,5.4,28.7,30.7,67.1,8.9,31.9,19.8,79.2,26.2,83.1,11.3,2.6,"(38.3597235063, -121.96903046)",7549,West,Pacific
California,CA,Vallejo,115942,16.3,31,55.8,5.3,5.5,65.7,73.1,60.8,5.7,25.2,26.6,60.3,11.1,32.6,24.6,77.9,26.6,77.3,12.8,3,"(38.1135329247, -122.235518478)",7549,West,Pacific
California,CA,Victorville,115903,22.8,31.5,54.4,5.6,6.8,64.9,70.1,55.4,7.5,25.8,23,51.2,12.7,33.1,27.8,77,30.4,79.6,16.6,3.6,"(34.5277691103, -117.353855136)",7549,West,Pacific
California,CA,Visalia,124442,19.4,28.9,52.5,5.9,6.1,64.7,69.2,58.5,6.4,27.5,26.7,63.8,10.2,32.9,25.1,76.6,29.4,81.8,14.1,2.9,"(36.3270623157, -119.325273214)",7549,West,Pacific
California,CA,Vista,93834,21.1,27.1,52.2,5.8,6.2,64.6,73.4,59.9,6.5,28,25.4,57.4,10.8,31.4,25.4,76.9,26.3,80.3,14,2.9,"(33.1895481978, -117.238607217)",7549,West,Pacific
California,CA,West Covina,106098,18.8,25.9,50.2,4.9,5,67.1,74.5,59.7,4.2,24.1,26.3,63.8,10.6,34.6,22.8,81.2,22.3,80.4,11.7,2.4,"(34.0554415174, -117.91128206)",7549,West,Pacific
California,CA,Westminster,89701,19.5,27.6,53.3,4.9,5.2,64.6,72.9,54.9,5.5,22.6,26.2,57.3,10.8,32.4,28.7,77.1,18.4,70.4,12.9,2.7,"(33.7521523769, -117.993760054)",7549,West,Pacific
California,CA,Whittier,85331,20.2,25.5,49.2,5.4,5.4,66.2,75,61.8,4.6,26,26.9,64.9,10.3,34.5,21.5,81.2,25.7,84.3,12.4,2.4,"(33.9678255596, -118.018796341)",7549,West,Pacific
Colorado,CO,Arvada,106433,11.8,23.8,51.4,5.9,4.5,60.3,76.2,65.9,4.5,41.6,36.2,69.3,5.8,29.2,14.4,73.3,20,84.5,8.9,2.2,"(39.8308263293, -105.146327974)",6804,West,Mountain
Colorado,CO,Aurora,325078,18.9,28.1,53.7,5.7,5,61.2,73.2,61.1,5.3,38.1,31.6,60.9,8.4,30.7,19.9,71.5,25.8,80.5,11.5,2.8,"(39.7091594781, -104.726526621)",6804,West,Mountain
Colorado,CO,Boulder,97385,10.6,23.1,52.4,6,4.4,58.9,75.1,65.9,4.1,39.2,37.7,73.1,5.4,29.3,11.6,75.4,16.6,84.2,8.8,2.2,"(40.0275510494, -105.25151776)",6804,West,Mountain
Colorado,CO,Centennial,100377,8.4,23.7,50.5,6.1,3.9,62.2,76.5,70,3.6,44.5,38.6,75.4,5.4,29.5,12.2,76,19.3,86.2,7.3,1.9,"(39.592872073, -104.867986891)",6804,West,Mountain
Colorado,CO,Colorado Springs,416427,13.9,27.5,54.6,6,4.9,65,73.6,66.4,4.9,38.2,33.9,65.3,7.1,32.5,17,73.7,23.3,81.6,10.1,2.5,"(38.8672748077, -104.760664479)",6804,West,Mountain
Colorado,CO,Denver,600158,17.8,27.3,51.8,5.7,4.9,59.2,73.8,62.6,4.8,36.7,30.9,63.1,7.7,31.6,16.7,73.7,19.7,81.3,11.1,2.7,"(39.7620283743, -104.876365322)",6804,West,Mountain
Colorado,CO,Fort Collins,143986,11.4,23.9,52,6,4.6,62.8,73.5,65.8,4.6,37.2,31.7,68,6.1,30.6,14.5,74.2,20.1,83.1,9.5,2.3,"(40.5487758924, -105.065904872)",6804,West,Mountain
Colorado,CO,Greeley,92889,20.7,28.1,53.5,5.6,5.3,56.5,70.2,58.9,5.6,35.8,28.6,57.7,7.9,29.1,22.1,69.5,27,79.2,12.1,2.7,"(40.4141369521, -104.771170982)",6804,West,Mountain
Colorado,CO,Lakewood,142980,14.4,24.6,52,5.8,4.6,60,75.3,63.9,4.7,41,35.1,66.5,6.4,29.6,15.7,72.4,20.9,83.2,9.7,2.3,"(39.6976734462, -105.116965444)",6804,West,Mountain
Colorado,CO,Longmont,86270,15.3,22.5,51.7,5.9,4.9,58.4,75.8,62.2,4.9,36.4,35.3,68.2,6.4,29,14.8,73.1,18.2,83.5,10.5,2.5,"(40.1695164708, -105.10195106)",6804,West,Mountain
Colorado,CO,Loveland,66859,11.6,22.9,51.2,6,4.6,62.8,74.8,66,4.8,37,32.2,67.9,6,30.1,15.1,74.2,20.1,83.9,9.5,2.3,"(40.4165693758, -105.061758435)",6804,West,Mountain
Colorado,CO,Pueblo,106595,24.4,29.7,54.3,5.5,5.7,62.5,67.3,53.8,5.8,32.3,31.1,55.3,9.6,34.2,23.8,70.7,30.6,77.9,13.5,3,"(38.2733957251, -104.612001218)",6804,West,Mountain
Colorado,CO,Thornton,118772,16.6,26,49.2,5.9,4.8,58.7,72.4,63.3,4.9,35.6,32.9,66.4,7.5,30.9,18.2,73.8,25.1,82.4,10.2,2.4,"(39.9193994188, -104.944956758)",6804,West,Mountain
Colorado,CO,Westminster,106114,13.6,25.1,50.1,5.9,4.6,59.6,74,65.1,4.6,38.2,34.5,68.6,6.7,30.2,16.1,74.1,22.3,83.4,9.4,2.3,"(39.8838511475, -105.062645316)",6804,West,Mountain
Connecticut,CT,Bridgeport,144229,23,34.4,60.5,5.6,6.5,66.2,76.3,59.4,7.1,27.3,30.2,56.9,12.5,31.4,29.7,77.9,32.5,80.4,14,3.7,"(41.1928054233, -73.196054694)",9859,Northeast,New England
Connecticut,CT,Danbury,80893,15.4,28.3,56.1,6.3,5.5,64.8,78.1,66.3,5.8,32.6,36.9,68,8.5,30.7,22.6,79.3,25.1,83.2,10.4,2.6,"(41.4015898606, -73.470938682)",9859,Northeast,New England
Connecticut,CT,Hartford,124775,24.4,39.5,65.1,5.3,7.2,70.9,74.4,56.5,8,24.2,25,55.3,15.5,36.5,33.8,79,38.6,80.5,16.9,4.4,"(41.7660706419, -72.6834012389)",9859,Northeast,New England
Connecticut,CT,New Britain,73206,18.3,33.4,61.8,6.2,6.4,69.3,75.9,62.2,7.2,29.4,31.3,64.5,11.1,35.9,27.7,79.4,32.4,83,13.7,3.2,"(41.675922654, -72.7861630705)",9859,Northeast,New England
Connecticut,CT,New Haven,129779,17.4,35.8,61.5,5.8,6.2,70.5,75.8,64.2,6.8,31.3,32,64.4,12.3,32.8,28.1,81.9,35.3,82.3,13.1,3.7,"(41.3113869392, -72.9247595793)",9859,Northeast,New England
Connecticut,CT,Norwalk,85603,12.9,28.8,56.9,6.3,5,66.3,78.6,69.1,4.9,33.7,38.7,71.9,8.1,30.4,19.8,81.4,24.6,85.6,9,2.4,"(41.1175631682, -73.4224513123)",9859,Northeast,New England
Connecticut,CT,Stamford,122643,13.3,29.2,57.1,6.2,5,66.2,78.1,68.8,4.9,33.7,38.3,71.5,8.2,30.6,20,81.4,24.2,85.1,9.1,2.4,"(41.1049145013, -73.5589363142)",9859,Northeast,New England
Connecticut,CT,Waterbury,110366,19,32.6,59.6,6.1,6.5,68.5,76.2,63.1,7.5,32.1,33.3,63.6,11.2,32.8,29,79.9,34.5,81.1,13.7,3.4,"(41.5582443266, -73.036129832)",9859,Northeast,New England
Delaware,DE,Wilmington,70851,18.3,39.4,68.5,5.7,6.5,74.4,75.5,62,7.2,28.8,30.4,54.6,13.8,34.2,31.4,82.5,39.3,84.4,14.8,4.2,"(39.7412748227, -75.5418960925)",10254,South,South Atlantic
District of Columbia,DC,Washington,601723,9.9,31.2,59.3,5.7,4.8,72,80,66.9,5.1,31.5,28.7,69.2,10,32.4,20.5,79.9,25.4,86,9.8,3.5,"(38.9099241426, -77.0147205666)",11944,South,South Atlantic
Florida,FL,Boca Raton,84392,15,29.1,60.1,6.7,5.3,71.6,77.4,71.5,5.2,38,34.4,71.9,7.3,35.3,17.6,80.2,20.9,85,9.6,2.2,"(26.3749012715, -80.1078208861)",8076,South,South Atlantic
Florida,FL,Boynton Beach,68217,22.3,33.6,63.5,6.4,6.4,72.8,77.3,64.7,7.3,33.8,29.9,60.4,10.3,35.6,24.5,77.3,26.7,81.3,13.2,3.2,"(26.5279818052, -80.0814660417)",8076,South,South Atlantic
Florida,FL,Cape Coral,154305,20.1,28.2,58.4,6.6,6.2,70.3,74.8,64.7,6.8,34.4,33,62.3,8.6,34,20.8,80.1,25.5,80.5,11.8,2.7,"(26.6448544993, -81.9931108298)",8076,South,South Atlantic
Florida,FL,Clearwater,107685,21.2,30.9,60.5,6.6,6.4,69.8,75.1,64.7,7.3,35.1,34.2,57.4,9.2,34.9,21.9,77.8,28.5,79,12.7,2.9,"(27.9805997919, -82.7544099135)",8076,South,South Atlantic
Florida,FL,Coral Springs,121096,18.2,27.6,60,6.1,5.6,73.9,77,67.2,5.7,31.4,29,67.6,8.9,32.3,20.4,81,24.1,83,10.5,2.6,"(26.2701700158, -80.2592221493)",8076,South,South Atlantic
Florida,FL,Davie,91992,19.3,26.7,58.8,6.2,5.6,72.8,76.4,66.5,5.7,31.9,29.5,67.5,8.7,32.5,20.5,80.4,23.7,82.3,10.6,2.5,"(26.0789340778, -80.2869750311)",8076,South,South Atlantic
Florida,FL,Deerfield Beach,75018,24.3,30.7,62.2,6.3,6.7,72.9,75.6,61.3,7.9,29.6,26.4,57.8,10.6,33.1,25.7,77.6,28.4,78.4,13.9,3.4,"(26.3049966413, -80.1277706584)",8076,South,South Atlantic
Florida,FL,Deltona,85182,23.7,32.2,59.3,6.2,6.7,70.3,74.6,62.8,7.5,33.9,28.5,56.4,10.9,35.8,25.9,74.9,27.3,78.4,13.3,3,"(28.905060048, -81.2134269839)",8076,South,South Atlantic
Florida,FL,Fort Lauderdale,165521,22,31.2,62.6,6.2,6.4,73.6,75.6,64.6,7,31.4,28.6,61.2,10.2,33,23.2,79.9,27.5,80.3,12.5,3.2,"(26.1418205174, -80.1471225502)",8076,South,South Atlantic
Florida,FL,Gainesville,124354,20.4,33.2,63.3,6.3,6.4,70.5,75.4,64.7,7.4,34.4,28.9,58.2,10.1,31.8,22.6,76.1,27.9,77,13.2,3.3,"(29.6817027431, -82.345278266)",8076,South,South Atlantic
Florida,FL,Hialeah,224669,42.8,30,59.9,4.5,7.1,69.5,70.4,51.2,5.8,21.5,19.5,52.3,14.7,35.9,34.7,75,32.2,75.9,16.9,3.1,"(25.869626948, -80.3045294666)",8076,South,South Atlantic
Florida,FL,Hollywood,140768,24.3,29,60.6,6,6.2,72.7,75.3,62.8,6.5,30.3,27.3,61.4,10.2,33.1,24,79,26.8,80.4,12.5,2.9,"(26.0287025703, -80.1683976059)",8076,South,South Atlantic
Florida,FL,Jacksonville,821784,20.2,33,64.3,6.3,6.4,70.6,75.9,65.4,7.4,31.5,29.1,57.7,10.6,34.8,25.5,78.7,30.6,78.6,12.9,3.4,"(30.3319820139, -81.6752266207)",8076,South,South Atlantic
Florida,FL,Lakeland,97422,22.7,34.9,62.9,6.4,6.9,70.6,75,61.9,8.2,32.6,29.9,56.8,10.7,33.7,26,75.9,31.2,77.2,13.8,3.4,"(28.0558482664, -81.9539536462)",8076,South,South Atlantic
Florida,FL,Largo,77648,20.3,30.2,59.7,6.7,6.6,69.3,75.4,63.5,7.8,34.3,33.2,56.7,9,35,22.3,76.5,28,78,13,2.9,"(27.9090907734, -82.7714203383)",8076,South,South Atlantic
Florida,FL,Lauderhill,66887,27,38.2,66.7,5.6,6.9,77.8,76.1,60.9,8.3,25.3,23.2,51.1,14.1,32.5,29.4,80.5,34.7,79.2,15.3,4.5,"(26.1605584187, -80.2241278263)",8076,South,South Atlantic
Florida,FL,Melbourne,76068,18.2,29.4,59.6,6.6,6.2,70.4,74.8,64.9,7.2,33.5,31.2,61.3,9,34.1,22.7,79.2,25,80.6,12,2.9,"(28.1158805782, -80.6508814613)",8076,South,South Atlantic
Florida,FL,Miami,399457,37,32.4,62.3,4.8,7.2,71.1,71.2,53.2,6.6,22,20.3,53.6,14.4,35.6,32.8,75.7,32.1,76.3,16.6,3.6,"(25.782295897, -80.2215647762)",8076,South,South Atlantic
Florida,FL,Miami Beach,87779,23.9,28.5,59.3,5.5,6,71.3,73.4,62.2,5.2,27.3,26.4,66.6,10.3,34.7,23.4,79,25.8,81.1,11.8,2.5,"(25.8167101614, -80.1341952652)",8076,South,South Atlantic
Florida,FL,Miami Gardens,107167,28.9,38.4,66.6,5.1,6.9,77.4,75.2,60.7,7.3,21.1,22.2,53,14.6,33.5,31.4,80.9,35.5,80.1,15.2,4.4,"(25.9432633871, -80.2425332162)",8076,South,South Atlantic
Florida,FL,Miramar,122041,21,31.3,62.3,5.2,5.5,76.5,77.1,66.3,5.1,27.6,26.2,64.5,11.3,31.9,22.4,83.3,27.5,84.5,10.9,3,"(25.9773288233, -80.3357316003)",8076,South,South Atlantic
Florida,FL,Orlando,238300,22.9,33.2,61.7,5.9,6.5,70.5,74.6,63.9,7,27.3,30,57.9,11.2,33.5,26.3,79.8,28.6,79.2,13.2,3.4,"(28.4800646771, -81.3452411179)",8076,South,South Atlantic
Florida,FL,Palm Bay,103190,21.1,30.7,60.4,6.3,6.5,70.7,74.5,63.2,7.6,31.5,29.4,57.6,10.1,34.2,24.9,78.9,27,79.8,13,3.1,"(27.9838255249, -80.6666722846)",8076,South,South Atlantic
Florida,FL,Palm Coast,75180,19.5,30.1,60.9,6.5,6.4,69.6,75.7,65.2,7.3,36.3,28.7,60.7,9.3,33.3,23.2,78.7,26.1,79.3,12.5,2.9,"(29.5405590976, -81.2508206143)",8076,South,South Atlantic
Florida,FL,Pembroke Pines,154750,19.8,27.6,59.5,5.7,5.5,74.5,77.1,66.3,5.1,29.6,26.9,67.6,9.8,32.1,21,81.8,24.7,84.5,10.5,2.5,"(26.0127387534, -80.3384522664)",8076,South,South Atlantic
Florida,FL,Plantation,84955,16.5,27.6,59.9,6.2,5.4,74.4,77.5,68.7,5.3,32.3,30.4,69.5,8.5,32,19,81.9,23.7,84.2,9.9,2.5,"(26.1259853923, -80.2616762465)",8076,South,South Atlantic
Florida,FL,Pompano Beach,99845,26.8,31.7,62.9,6.2,6.8,72.9,74.9,61.8,8,30.1,27.1,55.9,10.9,33.3,26.6,78.1,29.4,78,14.3,3.5,"(26.2428335699, -80.131245161)",8076,South,South Atlantic
Florida,FL,Port St. Lucie,164603,21.1,31,61.7,6.3,6.4,70.9,76.7,65.3,7.2,33.1,31,60.3,9.6,34.4,23.4,78.8,27.3,79.5,12.6,3,"(27.2808680308, -80.3832154574)",8076,South,South Atlantic
Florida,FL,St. Petersburg,244769,19.2,32.4,61.8,6.5,6.4,71.3,75.9,65,7.2,34.3,33.3,57.8,9.7,34.6,21.5,78.7,29,79.9,12.4,3.1,"(27.792894971, -82.6650743239)",8076,South,South Atlantic
Florida,FL,Sunrise,84439,21.4,29.9,61.7,5.8,6,74.8,76.9,63.9,6.3,28.7,26.1,62.6,10.6,32.3,23.5,80.4,27.1,82.2,12,3,"(26.1546878303, -80.299841102)",8076,South,South Atlantic
Florida,FL,Tallahassee,181376,19.3,31.7,64.5,6.3,5.9,72.2,77.8,68.6,6.7,36.1,33.1,63.5,9.9,33.4,21.7,80.2,28.7,80.9,12.1,3.2,"(30.4548951211, -84.2526459938)",8076,South,South Atlantic
Florida,FL,Tampa,335709,22.6,36.3,63.7,6,6.5,70.8,74.9,62.5,7.1,31.1,29.8,56.1,11.5,34.2,23.3,77.6,30.6,79.6,13.4,3.4,"(27.996198041, -82.4450349799)",8076,South,South Atlantic
Florida,FL,West Palm Beach,99919,24,34.4,63.5,6.1,6.5,72.6,76.5,64.6,7,32.9,28.4,59.9,11,35.8,24.9,78,27.2,81.4,13.4,3.3,"(26.7478714655, -80.1337397544)",8076,South,South Atlantic
Georgia,GA,Albany,77434,29.5,45.7,69.3,5.7,7.2,75.8,72.8,60,9.2,29.1,25.6,48.5,15.9,35.5,33.1,78.7,40.4,78.6,17.4,5,"(31.5776036766, -84.1763240815)",6587,South,South Atlantic
Georgia,GA,Athens,115452,23.2,36.6,65.6,5.9,6.4,72.3,73.8,61.5,7.4,32.3,29,58.1,12.3,35.6,26.5,77.9,32.2,79.4,14,3.6,"(33.9508170683, -83.3689417445)",6587,South,South Atlantic
Georgia,GA,Atlanta,420003,19.7,36.1,63.9,5.7,6.1,76.2,78.1,63.3,6.5,29.7,28.1,62.6,13.5,31.7,22.4,80.7,31.6,84.2,12.8,4.1,"(33.7626524683, -84.4231419055)",6587,South,South Atlantic
Georgia,GA,Augusta,195844,24.2,41.9,66.9,5.8,6.7,75.7,74.6,62.7,8,32.4,26.6,53.4,14.4,33.5,28.1,79.9,36,81.9,14.9,4.2,"(33.3644561527, -82.0708396775)",6587,South,South Atlantic
Georgia,GA,Columbus,189885,22.5,38.7,66,5.8,6.3,73.5,76,62.3,7.3,28.6,31.2,58.6,13.3,33.5,25.8,79.7,33.2,82.2,13.8,3.8,"(32.5099614852, -84.8770410586)",6587,South,South Atlantic
Georgia,GA,Johns Creek,76728,10.4,25.8,57.3,5.9,4.2,75.1,80.1,71.3,3.7,37.9,39.4,78.6,7.4,30.7,14.1,82.4,19,86.6,7.3,1.9,"(34.0332991998, -84.2027195506)",6587,South,South Atlantic
Georgia,GA,Macon,91351,30,44,69.2,5.6,7.4,74.3,73,57.9,9.6,29.2,22.9,45.9,16.6,37.3,34.5,76,42.9,77,18.2,5.2,"(32.8320417692, -83.6495823768)",6587,South,South Atlantic
Georgia,GA,Roswell,88346,15.3,26.8,57.9,6.2,4.7,74.1,79.5,70.6,4.4,38.3,38.6,74.8,7.9,30.9,15.7,81.5,23.3,87.1,8.8,2.1,"(34.0391384583, -84.3512225277)",6587,South,South Atlantic
Georgia,GA,Sandy Springs,93853,14.6,28.3,59.5,6.2,4.8,75,79.3,70.1,4.6,38.4,37.7,74,8.2,31.1,15.9,81.4,24.2,86.8,9,2.3,"(33.9366669867, -84.3703197084)",6587,South,South Atlantic
Georgia,GA,Savannah,136286,23.5,39.1,67.3,5.7,6.5,73.7,76.1,62.5,7.6,28.5,25.9,54.3,14,37,26.9,77.5,36,81.5,14.5,4.2,"(32.0283615157, -81.1783435493)",6587,South,South Atlantic
Georgia,GA,Warner Robins,66588,21.7,37.8,64.8,5.9,6.5,75.1,75.9,62.9,7.6,33.4,27.7,57.7,12.5,35,26.9,79.1,33.6,81.9,13.7,3.6,"(32.5985113609, -83.6530271267)",6587,South,South Atlantic
Hawaii,HI,Honolulu,953207,11.4,26.4,57.4,5,4.1,65.5,71.6,63.2,3.7,30.6,32.9,69.8,9.1,30.2,22.2,80,22.1,76.2,8.8,2.5,"(21.4588039305, -157.973296737)",7299,West,Pacific
Idaho,ID,Boise City,205671,16.4,27.6,52.4,6.2,5.4,60.6,70.6,63.3,5,32.3,31.4,66.6,6.9,31.6,16.4,72.3,25.8,78.3,10,2.6,"(43.5984343897, -116.230885189)",6927,West,Mountain
Idaho,ID,Meridian,75092,14.8,26.5,51.6,6.2,5.2,61.1,71.8,64.9,4.7,32.8,32.6,69,6.6,31.1,15.5,73.4,24.8,80.2,9.3,2.4,"(43.6185195383, -116.39758487)",6927,West,Mountain
Idaho,ID,Nampa,81557,27.1,30.8,54.2,5.9,6.5,54.8,64.2,51.2,6.8,29.3,24.1,56,9.2,34.9,23.3,62.8,35.1,70.2,14.1,3.3,"(43.5829315681, -116.564145085)",6927,West,Mountain
Illinois,IL,Arlington Heights,75101,8.1,23.7,57.3,6,4.6,69,75.2,67.8,4.2,38.5,35.1,73.6,6.6,30.3,17,79.8,21.5,83.9,8.1,2,"(42.095623342, -87.9825627457)",8262,Midwest,East North Central
Illinois,IL,Aurora,197899,19.8,29.9,59.7,5.5,6.3,65.3,71.4,56.3,6.1,31.3,25.6,60.5,11.1,33.4,27,72.5,32,80.7,13.2,3.1,"(41.7637750837, -88.2900949057)",8262,Midwest,East North Central
Illinois,IL,Bloomington,76610,10.7,27.8,59.4,6,5.6,65.6,74.2,63,5.6,35.6,30.4,68.1,8.3,33,21.7,76.7,29.1,82,10.3,2.6,"(40.4756778366, -88.9700813515)",8262,Midwest,East North Central
Illinois,IL,Bolingbrook,73366,13.3,30.5,59.9,5.4,5.5,67.1,73.7,61.4,5.1,30.4,25.9,66.4,10.1,32.1,23.8,76.4,31.8,81.7,10.5,2.7,"(41.6911653908, -88.1011218035)",8262,Midwest,East North Central
Illinois,IL,Champaign,81055,12.5,29.6,61.9,5.9,5.6,66.3,72.7,61.5,5.6,36.2,30,64,9.1,33,22.4,76.4,30.2,79.6,10.8,2.8,"(40.1151051361, -88.2729845986)",8262,Midwest,East North Central
Illinois,IL,Chicago,2695598,18.8,31.5,62.9,5.3,6,69.9,72.1,56.9,6.1,29.9,25.3,56.4,12.4,31.5,27.6,77,31.3,78.6,13.5,3.7,"(41.8372950615, -87.6862308732)",8262,Midwest,East North Central
Illinois,IL,Cicero,83891,32.6,28,59,4.8,6.9,65.3,69.4,48.1,6.2,28,21.7,47.4,14,32.7,34.8,72,33.9,75.6,16.6,3.4,"(41.844539143, -87.7592873023)",8262,Midwest,East North Central
Illinois,IL,Decatur,76122,15.7,33.6,63.2,6,6.5,66.4,71,57.5,7.6,33.9,27.7,56.6,10.6,32.8,28.1,73.7,35.3,77.5,13.9,3.4,"(39.8555822645, -88.9336983421)",8262,Midwest,East North Central
Illinois,IL,Elgin,108188,18.4,28.8,59.3,5.5,6,65.7,71,58.1,5.9,33.3,28.1,62.1,10.2,33.1,25.8,72.8,30.8,80.7,12.4,2.8,"(42.0385402472, -88.3224947104)",8262,Midwest,East North Central
Illinois,IL,Evanston,74486,9.3,27.1,60.1,5.8,4.7,70.4,74,66.9,4.2,36.9,32.6,70.7,7.9,30.6,18,80.6,24,83.4,8.7,2.4,"(42.0463099649, -87.6940348773)",8262,Midwest,East North Central
Illinois,IL,Joliet,147433,16.7,30.8,60.2,5.7,6.2,65.5,73,58.5,6.2,30.5,25.4,62.1,10.7,32.5,26.4,74,35.2,80.3,12.6,3,"(41.5206390037, -88.1507097756)",8262,Midwest,East North Central
Illinois,IL,Naperville,141853,7,25.7,57.3,5.8,4.5,67.2,76.1,67.4,3.7,38.3,33.9,76.4,6.7,31.9,15.9,79.7,22.7,85.2,7.4,1.9,"(41.7482001145, -88.1657705099)",8262,Midwest,East North Central
Illinois,IL,Palatine,68557,11.3,24.5,57.9,5.8,4.8,68.6,74,65.5,4.5,37.4,33.7,69.7,7.4,30.7,19.3,78.8,22.8,82,9.1,2.2,"(42.1180663695, -88.042989882)",8262,Midwest,East North Central
Illinois,IL,Peoria,115007,14.5,33,62.1,5.8,6.2,66.8,72.5,58.8,6.8,30.5,27.4,61,10.4,32.6,25.6,76.6,34.2,79.5,12.7,3.3,"(40.7515684146, -89.615255458)",8262,Midwest,East North Central
Illinois,IL,Rockford,152871,19.1,33.8,62.7,5.8,6.7,64.4,70.5,55,7.8,30.2,25.5,53.7,11.2,35.2,31.1,69.8,37.5,77.3,15,3.5,"(42.2633180015, -89.0625958362)",8262,Midwest,East North Central
Illinois,IL,Schaumburg,74227,9,24.1,57.9,5.7,4.6,69.3,74.6,65.5,4.4,36.7,33.5,70.9,7.3,30.5,19.1,79.1,21.1,81.5,8.6,2.2,"(42.0305488755, -88.0838663543)",8262,Midwest,East North Central
Illinois,IL,Springfield,116250,12.7,32.9,63,6,5.9,65.5,73.7,60.3,6.5,35.9,31.1,62.8,9.3,31.8,24.7,74.4,32.2,80.3,11.9,2.9,"(39.7716473322, -89.6540780049)",8262,Midwest,East North Central
Illinois,IL,Waukegan,89078,25.9,31.6,62,5.2,6.9,64.6,72.1,53.4,7,24.5,23.2,52.7,13.1,32.6,32.6,74.1,35.6,77.3,15.6,3.7,"(42.3702955582, -87.8712595095)",8262,Midwest,East North Central
Indiana,IN,Bloomington,80405,16.5,32.8,62.6,6.2,6.3,62.2,70.6,61.7,7.3,32.2,27.8,62,9.3,35.1,23.1,71.9,29,75.7,12.5,2.8,"(39.1637458221, -86.5257124351)",8300,Midwest,East North Central
Indiana,IN,Carmel,79191,7.7,28,61.7,6.2,4.7,68.7,78.4,71.6,4.3,37.4,34.7,79.7,6.8,31,15,79.7,24.6,86.5,7.1,1.9,"(39.9658404613, -86.1461278461)",8300,Midwest,East North Central
Indiana,IN,Evansville,117429,18.2,35.9,65,6.1,6.9,71.1,72.2,63.1,9,31.9,29.1,59.6,10.5,33.8,28.9,74.3,35.1,77.8,14.3,3.3,"(37.9867158026, -87.538270731)",8300,Midwest,East North Central
Indiana,IN,Fishers,76794,8.1,28.3,61.9,6.2,4.8,68.8,78.8,71.3,4.4,37.1,34.8,79.1,7.1,30.9,15.4,79.6,25.7,86.9,7.4,1.9,"(39.9587635263, -85.969310702)",8300,Midwest,East North Central
Indiana,IN,Fort Wayne,253691,18.9,31.1,64.5,6.1,6.5,61,71.4,59.3,7.8,31.2,25.9,62.7,10.8,32.9,26.2,69.9,33.4,75.8,12.8,3.1,"(41.0884920417, -85.1435898792)",8300,Midwest,East North Central
Indiana,IN,Gary,80294,28.6,47.8,69.4,5.2,7.9,71,70.7,46.3,10.2,18.8,16.6,38.8,18.2,33.9,37.3,70.6,46.9,71.7,18.3,5.6,"(41.5904779239, -87.3472907397)",8300,Midwest,East North Central
Indiana,IN,Hammond,80830,27.3,36.4,63.3,5.6,7.3,64.3,70.2,47.2,8.9,24.2,21,48.5,13,34.4,32.2,66.5,37.5,72.4,15.8,3.6,"(41.6171442828, -87.4909551115)",8300,Midwest,East North Central
Indiana,IN,Indianapolis,820445,20,32.9,63.4,5.7,6.6,66.1,71.6,62,8.4,36.3,31.4,60.1,11.2,34.1,27.6,75.1,34.9,77,13.7,3.5,"(39.7771221075, -86.145782152)",8300,Midwest,East North Central
Indiana,IN,Lafayette,67140,18.6,31.5,62.8,6.2,6.7,64,72.8,59.1,8.2,27.3,30.1,58.9,9.7,35,25.4,68.4,31.8,74.4,13.3,3,"(40.3994285285, -86.8617007404)",8300,Midwest,East North Central
Indiana,IN,Muncie,70085,21.1,36.5,65.3,6.2,7.4,64.9,69.8,54.8,10.1,30.9,27.9,53.8,11.5,34.8,30.8,69.9,36.7,72.2,15.8,3.6,"(40.1987098324, -85.3942940148)",8300,Midwest,East North Central
Indiana,IN,South Bend,101168,22.9,34.4,65.4,6,7,61.2,70.8,56.3,8.7,29.1,27.8,54.2,12.1,34.4,29.6,69.9,37.3,74.3,15,3.7,"(41.6769914549, -86.2690372417)",8300,Midwest,East North Central
Iowa,IA,Cedar Rapids,126326,9.2,28.1,60.2,6.2,5.4,69.5,74.7,68.2,5.3,35.3,35.2,70.2,8.4,36,23.1,83,32,85.2,9.6,2.5,"(41.966729258, -91.6781679349)",8200,Midwest,West North Central
Iowa,IA,Davenport,99685,11.3,29.3,60.7,6,5.7,71.4,72.7,64.1,5.6,34.9,34.4,67.5,9.1,35.1,23.4,81.1,33.3,82.4,10.5,2.8,"(41.5557926876, -90.6051730163)",8200,Midwest,West North Central
Iowa,IA,Des Moines,203433,13,31.2,60.2,5.8,5.9,69.1,75.2,62.3,6.1,38.7,32.6,65.1,9.7,36.4,25.2,79.3,32.6,82.2,11.3,3,"(41.5741349525, -93.6165066086)",8200,Midwest,West North Central
Iowa,IA,Iowa City,67862,9.3,27.6,60.7,6,5.3,68.5,74,66.5,4.8,36.9,34,71.1,8,31.6,19.9,79.4,28.5,83.4,9.2,2.5,"(41.6558950332, -91.5308854927)",8200,Midwest,West North Central
Iowa,IA,Sioux City,82684,14.1,30.3,60.6,5.9,6,70.9,69.6,62.9,6.3,38.4,33.7,62.9,9.7,35.3,27.7,77,35.5,80.3,11.7,2.9,"(42.4963149039, -96.3913834837)",8200,Midwest,West North Central
Iowa,IA,Waterloo,68406,12.9,30,61.8,6,6.2,70.2,71.6,63.7,6.3,35.7,33.2,64,9.8,35,25.3,80,35.3,82.8,11.3,3.1,"(42.4919736932, -92.3521759342)",8200,Midwest,West North Central
Kansas,KS,Kansas City,145786,28.4,36.4,59.9,5.7,6.8,65.9,67.4,53.8,8.2,25,27,53.4,13.4,32.2,32.2,74.8,38.2,76.8,14.2,4,"(39.1234621409, -94.7441921112)",7651,Midwest,West North Central
Kansas,KS,Lawrence,87643,13.9,26.1,60.5,6.4,5.5,67.8,72.2,65.2,5.9,40,39.1,68,8.4,31.1,20.2,78.1,28.2,81.4,9.6,2.6,"(38.9599302924, -95.2628259088)",7651,Midwest,West North Central
Kansas,KS,Olathe,125872,12.2,26.7,60.9,6.4,4.9,69.3,77.5,68.5,5,43.6,36,75.2,8,32.2,19.6,81,27.3,85.6,8.2,2.3,"(38.884693021, -94.8192070197)",7651,Midwest,West North Central
Kansas,KS,Overland Park,173372,9.8,26,60.5,6.5,4.5,69.9,78,70.5,4.3,45.1,38,78.7,7.2,31.9,17.1,82.2,25.3,86.7,7.1,2.1,"(38.8872922575, -94.6872267067)",7651,Midwest,West North Central
Kansas,KS,Topeka,127473,20,32.1,62.3,6.2,6,67.1,70.6,63.4,7.2,38.2,39.6,64.6,10.8,34,26.1,75.9,34.9,79.2,11.5,3.1,"(39.0359549911, -95.6954155341)",7651,Midwest,West North Central
Kansas,KS,Wichita,382368,20,32.3,61.2,6.2,6.1,67.9,70.6,64.3,6.8,33.3,32.3,63.2,11.1,34,25.8,74.5,34.3,81,11.6,3.1,"(37.690561478, -97.3429366807)",7651,Midwest,West North Central
Kentucky,KY,Lexington,295803,10.4,36.2,63.9,6.6,7.2,73,75.3,69.6,8.3,40.4,43.8,64.8,10.8,36.2,26.3,81.9,30.8,81.9,13.7,3,"(38.0423254022, -84.4587259608)",8004,South,East South Central
Kentucky,KY,Louisville,597337,11.4,35.2,67.2,6.5,7.5,73.3,75.7,67.6,9.5,38,38.3,60.1,11.4,35,27.8,80.8,32.9,80.7,14.2,3.3,"(38.1777689918, -85.6664099974)",8004,South,East South Central
Louisiana,LA,Baton Rouge,229493,22.9,41.6,68.3,5.9,7.7,77,74.5,62.3,7.1,39.3,32.7,56.2,12.6,32.8,30.4,79.8,36.8,82.3,14.4,4,"(30.4510891679, -91.1263551997)",7815,South,West South Central
Louisiana,LA,Kenner,66702,23,35.6,64.1,5.8,7.2,75.1,73.8,63.7,6.2,35.9,35,59.7,10.6,33.4,29.1,82.4,36.7,84.5,13.3,3.1,"(30.0106937201, -90.2550320135)",7815,South,West South Central
Louisiana,LA,Lafayette,120623,20.4,36.7,66.9,6.1,7.5,74.5,72.5,63,6.9,35.1,35.5,59.6,10.6,32.8,27.8,77.9,34.1,81.4,13.6,3.4,"(30.2120582815, -92.0317532321)",7815,South,West South Central
Louisiana,LA,Lake Charles,71993,25.3,42.4,68.3,6,8,76.9,73.4,60.7,7.8,32.1,33.5,49.9,12.7,34.9,32.5,78.4,36.9,81,15.6,4.2,"(30.2030679966, -93.2148796496)",7815,South,West South Central
Louisiana,LA,New Orleans,343829,23.4,41.2,69.9,5.5,7.7,74.7,74.3,62.7,6.9,37.7,31.4,55.8,13,33.1,28.2,80.8,34.4,83.4,14.9,4.3,"(30.0687009935, -89.9316317895)",7815,South,West South Central
Louisiana,LA,Shreveport,199311,24.7,43.5,68.2,5.9,7.8,75.7,73.1,58.9,7.5,34.5,36,52.7,12.7,35.1,31.7,76.5,37.1,82.5,15.3,4.2,"(32.4671618864, -93.7962236108)",7815,South,West South Central
Maine,ME,Portland,66194,14,28.3,59.1,6.5,5.8,70.1,75.9,72.8,6.4,37.7,35.7,67.6,8.2,30.7,18,81.6,26.2,82.8,10.6,2.6,"(43.6779836271, -70.2752544531)",9531,Northeast,New England
Maryland,MD,Baltimore,620961,14.7,38.8,67.4,5.7,6.4,75.4,76.4,65.8,8,29.6,32.6,59.7,14,33,26.3,83.3,35.6,85.2,13.5,4.5,"(39.3084523991, -76.6160492311)",8602,South,South Atlantic
Massachusetts,MA,Boston,617594,10,29.5,59.6,5.8,6,75.6,78.4,67.8,6.7,29.1,31.9,65.9,10.8,31.1,21.6,86.6,26,85,12.3,3.1,"(42.3155796777, -71.0916505804)",10559,Northeast,New England
Massachusetts,MA,Brockton,93810,12,34.4,61.8,6.4,7,80.9,79.7,63.7,9.4,25.4,26.7,55.7,12.4,32.8,28.8,83.4,35.9,84.4,15.3,3.5,"(42.082071372, -71.0241656338)",10559,Northeast,New England
Massachusetts,MA,Cambridge,105162,5.6,28.4,57.3,6.6,4.9,76.4,80.9,73.9,4.8,34,32.4,74.3,8.2,31.3,17.7,88,23.3,87.5,9,2.2,"(42.3758188051, -71.1183992378)",10559,Northeast,New England
Massachusetts,MA,Fall River,88857,11.7,32,60.4,6.8,7.6,80.1,78.8,64.4,11.1,29.3,22.6,55.3,11.7,38.6,28.8,82.9,32.5,82.9,17.5,3.5,"(41.7139907598, -71.0996396919)",10559,Northeast,New England
Massachusetts,MA,Lawrence,76377,21.7,33.4,58.9,5.4,7.5,76.9,74.8,58.4,8.7,23.4,21.7,53.5,15.1,35.9,34.9,83.1,35.9,84.2,18.6,3.4,"(42.7002772201, -71.1626790341)",10559,Northeast,New England
Massachusetts,MA,Lowell,106519,11.6,28.6,57.3,6.3,6.3,74.1,79.6,65,7.5,29.5,27.4,60.2,10.8,32,27.8,84,26.7,81,13.5,2.9,"(42.6388727331, -71.321714396)",10559,Northeast,New England
Massachusetts,MA,Lynn,90329,13.7,32.6,59.4,6.2,6.8,78.4,77.3,66.3,8.7,26.8,27,60.9,11.7,34.7,28.7,84.9,31.6,85.5,15.2,3.2,"(42.4783322881, -70.9662372538)",10559,Northeast,New England
Massachusetts,MA,New Bedford,95072,13.5,32.6,60.4,6.6,7.7,80.2,78.4,64,10.8,28.7,22.3,54.4,12.4,38.6,29.5,82.9,33.6,83.1,17.9,3.6,"(41.6712667258, -70.9441204537)",10559,Northeast,New England
Massachusetts,MA,Newton,85146,4.1,25.3,55.1,6.8,4.4,76.6,82.5,76.9,4.1,36.3,35.9,79.4,6.7,30.5,14.9,88.9,20.4,89.4,7.4,1.8,"(42.3316567616, -71.2084466944)",10559,Northeast,New England
Massachusetts,MA,Quincy,92271,7,27.4,60.9,6.5,5.2,76.3,81.3,69.4,6.2,30.6,30.7,69.7,9,30.6,21.4,86.6,21.9,84.1,10.4,2.4,"(42.2492981918, -71.0218764062)",10559,Northeast,New England
Massachusetts,MA,Somerville,75754,7,27.9,56.4,6.6,5.5,75.4,81,70.9,5.9,32.6,30.7,70.8,8.8,31.4,20.2,86.4,24.8,86.6,10.5,2.5,"(42.3905738858, -71.1017450879)",10559,Northeast,New England
Massachusetts,MA,Springfield,153060,17.6,35.6,62.6,6,7.3,76.5,75.5,63.3,9.5,26.9,26.8,56.8,14,33.7,33.3,83,33.1,82.7,18,3.8,"(42.1154977999, -72.5395254143)",10559,Northeast,New England
Massachusetts,MA,Worcester,181045,11.2,30.3,59.8,6.5,6.4,77.4,78.7,66.9,7.5,29.8,28.7,62.7,10.8,33.9,24.9,84.7,31.1,85.4,13.2,2.9,"(42.2705425446, -71.8079404584)",10559,Northeast,New England
Michigan,MI,Ann Arbor,113934,9.4,27.3,57.1,6.4,5.1,69.3,76.1,74.6,5,35.6,41.7,77.4,7.6,33.1,16.8,85.9,26.4,84,8.6,2.2,"(42.2756833567, -83.7311374448)",8055,Midwest,East North Central
Michigan,MI,Dearborn,98153,16.3,32.3,56.5,6.8,7.3,67.2,74.6,64.1,9.6,34.9,30.9,63.8,9.5,36.8,25.6,79.4,31.2,78.4,14,3.2,"(42.3126884626, -83.2129368006)",8055,Midwest,East North Central
Michigan,MI,Detroit,713777,25.5,46.3,64.5,5.9,8.4,74.5,74.2,58.6,10.8,24.5,21.2,47.2,17.6,36.6,36.4,81.8,45.2,78,18.3,5.8,"(42.3847015631, -83.1053178776)",8055,Midwest,East North Central
Michigan,MI,Farmington Hills,79740,9,28.7,57.8,6.6,5.3,72.2,79.9,71.6,5.2,35.1,37.5,76.4,7.9,32.9,18.1,82.5,26.4,85.8,8.7,2.3,"(42.4859956992, -83.3771159714)",8055,Midwest,East North Central
Michigan,MI,Flint,102434,23.3,42.9,62.7,6,8.4,72.8,72.4,59.8,11.4,27,24.1,52.4,15.8,34.8,36.4,80.1,42.7,78,18.7,5.2,"(43.0236339386, -83.6920640313)",8055,Midwest,East North Central
Michigan,MI,Grand Rapids,188040,17.5,35.9,60.1,6.4,6.8,71.4,74.6,66.5,7.9,35.5,38.5,64.5,11,35,27,81.9,35.1,81.5,13.9,3.3,"(42.9614815414, -85.6556858473)",8055,Midwest,East North Central
Michigan,MI,Kalamazoo,74262,17.3,34.7,60.8,6.5,7.3,70.7,72.1,66.4,9,35.3,31.7,61.4,11.5,34.9,26.3,79.9,41.2,80.1,14.8,3.6,"(42.2748756474, -85.588188576)",8055,Midwest,East North Central
Michigan,MI,Lansing,114297,17.2,34.2,60.9,6.3,7.2,68.4,73.9,65.8,8.5,33.5,30,63.2,11.6,36,28.2,78.9,36.1,80.6,14.2,3.5,"(42.7090711751, -84.5584470022)",8055,Midwest,East North Central
Michigan,MI,Livonia,96942,9,28.1,53.6,6.8,5.6,69.6,78.4,72.6,6,38.6,36.4,76.4,7.2,34.9,18.2,84.2,25.7,86.2,9,2.2,"(42.3971592737, -83.3733073683)",8055,Midwest,East North Central
Michigan,MI,Rochester Hills,70995,8.6,27,56,6.6,5.2,70.8,79.8,72,5.1,35.9,38.6,77.8,7.2,33.1,17.3,82,24.7,85.4,8.4,2.1,"(42.6645256768, -83.1563037157)",8055,Midwest,East North Central
Michigan,MI,Southfield,71739,13.1,37.8,63.3,6.2,6,76.6,79.8,69,6.3,29.3,31.7,66.8,12.1,32.7,23.6,83.8,36.7,86.1,11.3,3.5,"(42.4765016267, -83.2605284738)",8055,Midwest,East North Central
Michigan,MI,Sterling Heights,129699,12.2,32.4,59,6.5,6.5,70.1,76,69.9,7.4,37.2,31.3,69.8,8.7,35.5,24.7,79.4,30.9,80.7,11.5,2.7,"(42.580985283, -83.0303680858)",8055,Midwest,East North Central
Michigan,MI,Troy,80980,8.5,27,56.1,6.4,5.2,71,79.4,71.3,4.9,35.4,38,77.7,7.4,33.2,17.6,81.9,23.2,84.4,8.2,2.1,"(42.5817340358, -83.1457545154)",8055,Midwest,East North Central
Michigan,MI,Warren,134056,16,34.7,60.8,6.5,7.3,69.8,75.1,66.4,9,35.6,28.9,63.1,10.1,35.9,29,77.4,34.9,77.6,13.9,3.2,"(42.4934233034, -83.0270075248)",8055,Midwest,East North Central
Michigan,MI,Westland,84094,14.1,31.9,56.9,6.7,6.6,69.6,76.8,66.5,8.2,34.8,31.4,66.6,9.4,35.7,24.6,81.4,31,81.9,12.3,3,"(42.3192220455, -83.3805461719)",8055,Midwest,East North Central
Michigan,MI,Wyoming,72125,16.2,32.6,57.4,6.4,6.7,70.5,75.6,67,7.8,35.7,38.3,66.7,9.9,34.7,26.3,81.3,32.6,82.3,13.1,2.9,"(42.8909745661, -85.7067229249)",8055,Midwest,East North Central
Minnesota,MN,Bloomington,82893,8.5,24.4,55.4,5.9,4.7,67.6,77.2,69.6,4,32.5,37.9,74.9,6.7,31.3,17.5,81.3,23.1,85.6,7.7,2.2,"(44.8305852429, -93.3150995817)",8871,Midwest,West North Central
Minnesota,MN,Brooklyn Park,75781,11.1,26.5,57.8,5.6,5.1,68.8,76.7,66.4,4.5,30,35.1,69,8.3,31.4,21.3,80.2,25.4,82.8,8.9,2.7,"(45.1112033916, -93.3505067942)",8871,Midwest,West North Central
Minnesota,MN,Duluth,86265,10.5,25.5,59.4,6.1,5.8,66.7,73.5,64.4,5.6,35.9,33.6,67.2,8.1,29.1,21.5,74.7,30.1,80.8,10.5,2.8,"(46.7854703427, -92.1342013763)",8871,Midwest,West North Central
Minnesota,MN,Minneapolis,382578,11.7,27.9,58.1,5.8,5.4,67.4,75.1,65.9,4.8,30,34.2,68.7,8.6,32.2,20.6,80,26.7,83,9.5,2.9,"(44.9635407967, -93.2678345304)",8871,Midwest,West North Central
Minnesota,MN,Plymouth,70576,6.1,23.2,54.4,6,4.3,68.3,78.2,72.4,3.3,33.9,40,79.7,5.9,30.9,14.4,82.7,20.9,87.5,6.4,1.9,"(45.022462874, -93.4616016242)",8871,Midwest,West North Central
Minnesota,MN,Rochester,106769,8.4,26.6,57.8,6.1,4.9,65.9,74.6,72.1,4.2,35.6,35.3,72.3,7,29.3,18.5,83.2,27.1,85.8,7.9,2.3,"(44.0150574384, -92.4775005494)",8871,Midwest,West North Central
Minnesota,MN,St. Paul,285068,12.7,27.7,59.8,5.9,5.5,68.6,73.8,64.7,5.2,30.5,34.5,64.7,9.1,31.2,22.6,80.6,29.6,81.9,10.5,2.9,"(44.9477402558, -93.1039958305)",8871,Midwest,West North Central
Mississippi,MS,Gulfport,67793,21.9,40.7,68.7,6,6.9,74.3,71,57.4,7.4,34,30.6,55.2,12.4,37.2,30.7,69.5,34.6,78.7,14.1,3.9,"(30.427377008, -89.0701908439)",7646,South,East South Central
Mississippi,MS,Jackson,173514,23.5,45.2,72.1,5.6,6.9,77.5,72.4,59.7,7.2,34,29.6,49.5,15.1,36.3,33,75.8,40.6,82.4,14.8,4.8,"(32.31627222, -90.2124528561)",7646,South,East South Central
Missouri,MO,Columbia,108500,13.5,28.8,63.6,6.3,5.8,66.8,72,65.3,6.3,39.7,35.4,62.8,8.9,29.7,21.3,74.9,29.2,80.5,11.6,2.7,"(38.9481109651, -92.3260129764)",8107,Midwest,West North Central
Missouri,MO,Independence,116830,17.1,29.3,63.1,6.5,6.6,65.2,70.6,60.8,8,38.4,38.2,56.5,9.7,34.2,25.4,72.9,32.2,77.3,13.9,3.1,"(39.0870794771, -94.3502748237)",8107,Midwest,West North Central
Missouri,MO,Kansas City,459787,17.7,32.9,66.1,6.1,6.5,67.8,71.5,61.2,7.3,35.9,35.6,55.9,11.5,33.5,25.7,74.6,34.7,79.3,13.7,3.5,"(39.1239413971, -94.5541236795)",8107,Midwest,West North Central
Missouri,MO,Lee's Summit,91364,10.1,27.2,61.8,6.6,5.3,67.6,73.3,68.5,5.4,41.9,43.2,68.8,7.7,32.9,18,77.9,27.5,84,9.7,2.3,"(38.9170508128, -94.3814865856)",8107,Midwest,West North Central
Missouri,MO,O'Fallon,79329,10.4,26.1,60.7,6.4,5.4,68.6,75.1,67.7,5.7,40.5,42.5,66.2,7.7,32.8,20.5,76.5,24.9,83,10.1,2.3,"(38.7852244161, -90.7176856736)",8107,Midwest,West North Central
Missouri,MO,St. Joseph,76780,16.6,30.8,63.6,6.4,6.7,65.9,69.9,59.6,8.3,36.4,36.4,52.5,9.9,35.3,27.9,70.1,32.4,77.4,13.9,3.1,"(39.7598312179, -94.8209246813)",8107,Midwest,West North Central
Missouri,MO,St. Louis,319294,19.3,35.2,67.8,5.9,7,71.7,70.6,58.8,8.2,36.5,30.2,51.9,13.8,31.1,27.6,71.2,37,78.3,15.6,4.3,"(38.6358122615, -90.2451186799)",8107,Midwest,West North Central
Missouri,MO,Springfield,159498,17.6,29.7,64.4,6.4,6.8,63.5,69.7,58.7,8.6,40.3,34.6,52,10,32.4,26.2,68,35.9,75.6,14.7,3.2,"(37.1942661484, -93.2914273656)",8107,Midwest,West North Central
Montana,MT,Billings,104170,15.4,26.9,52.9,6.3,5.2,63.4,70.8,60.4,6,38.8,34.1,62.9,7.7,29.7,20.3,72.1,27.6,80.2,11.7,2.6,"(45.7893102609, -108.54882784)",8221,West,Mountain
Montana,MT,Missoula,66788,14.2,27,52.3,6.3,5.3,60.6,70.4,60.7,5.9,34.8,32.5,66.4,7.4,30.6,17.1,76.2,25.5,80,11.3,2.6,"(46.8694402455, -114.009863843)",8221,West,Mountain
Nebraska,NE,Lincoln,258379,13.5,26.8,58.7,5.8,5.1,60.8,71.1,63.4,5.5,39.3,32.7,68.3,7.7,32.8,18.8,75.8,27.8,78.7,9,2.5,"(40.8096195695, -96.6806742049)",8412,Midwest,West North Central
Nebraska,NE,Omaha,408958,16.3,29.2,61,5.7,5.6,64.8,71.6,62.6,5.7,37.4,35.6,64.1,9.4,31.4,22.3,76.4,30.6,80.9,10.2,2.9,"(41.2642309111, -96.0415076441)",8412,Midwest,West North Central
Nevada,NV,Henderson,257729,14.2,27.4,53.7,6.2,5.6,64.2,72.8,63.2,6.2,34.9,30.9,65.1,8.5,32.1,20.5,74,26.1,81.3,10.5,2.5,"(36.0122394916, -115.037392161)",6714,West,Mountain
Nevada,NV,Las Vegas,583756,22.6,29.9,55.5,5.9,6.5,63.4,70.7,57.5,7.4,32.1,27.6,56.1,10.8,32.9,26.2,71.3,30.3,78,13.5,3.1,"(36.2274148438, -115.262670095)",6714,West,Mountain
Nevada,NV,North Las Vegas,216961,25.5,31.5,56.5,5.6,6.8,64,70.6,55.3,7.9,28.9,24.5,52,12.5,32.9,29,71.1,32.4,77,14.8,3.6,"(36.2891993562, -115.088496088)",6714,West,Mountain
Nevada,NV,Reno,225221,19.6,28.1,52,6.1,6.1,60.2,72.3,59.9,7.3,31.9,28,60.4,8.8,33.6,20.3,70.6,22.8,76.9,13,2.9,"(39.5540171998, -119.852733516)",6714,West,Mountain
Nevada,NV,Sparks,90264,19.4,27.4,51.6,6,6,60.4,73,60.3,7.2,31.1,27.2,60.8,8.7,33.2,20.5,70.6,22.6,77.8,12.8,2.8,"(39.573373276, -119.713134168)",6714,West,Mountain
New Hampshire,NH,Manchester,109565,17.6,28.4,59.3,6.4,5.8,68.7,76.7,65.7,7.1,32.2,32.2,63.5,9,31.2,21.6,79.7,31.2,82,11.8,2.7,"(42.9844541713, -71.4445313287)",9589,Northeast,New England
New Hampshire,NH,Nashua,86494,16.1,27.7,58.8,6.4,5.4,69.2,77,67.8,6.3,33.4,33.7,66.7,8.5,31,19.8,81,29.4,83.3,10.7,2.5,"(42.7491554459, -71.4909587631)",9589,Northeast,New England
New Jersey,NJ,Camden,77344,33.9,42.2,64.8,4.8,8.2,73.7,71.1,49.2,9.2,21.4,16.3,45,17.8,36.8,41.6,73.4,42.2,74.8,20.1,5.2,"(39.9361910066, -75.1072961899)",8859,Northeast,Middle Atlantic
New Jersey,NJ,Clifton,84136,16.3,27.7,55.3,5.5,5.4,72.6,76.1,62.1,5.2,33.4,27,68.7,8.6,36.3,23.3,78.4,25.9,83.1,10.6,2.4,"(40.8631217425, -74.1575145342)",8859,Northeast,Middle Atlantic
New Jersey,NJ,Elizabeth,124969,29.3,29.9,58.8,4.9,7,72.2,72.7,49.7,6.6,25.2,21.1,53.5,13.1,33.5,33.2,75.6,32.7,79.3,15.3,3.4,"(40.6664447729, -74.1938679138)",8859,Northeast,Middle Atlantic
New Jersey,NJ,Jersey City,247597,17.8,31.6,60.9,4.9,6,76.2,75.5,54.3,5.8,22.6,21.9,60.8,11.3,33.4,28.6,75,25.4,76.5,12.2,3.1,"(40.7188130852, -74.0687740635)",8859,Northeast,Middle Atlantic
New Jersey,NJ,Newark,277140,28.9,39,63.1,4.8,7.6,74.8,73.9,53,8.4,24,17.5,49.8,15.7,36,35.8,74.7,37.6,74.5,17.5,4.6,"(40.7260693449, -74.1752997118)",8859,Northeast,Middle Atlantic
New Jersey,NJ,Passaic,69781,36.5,33.2,58.2,4.7,7.4,70,70.9,47.1,7.3,25.5,18.1,48.7,14.7,38.7,37.3,72.3,35.6,74.7,18.1,3.7,"(40.8574581109, -74.1281123174)",8859,Northeast,Middle Atlantic
New Jersey,NJ,Paterson,146199,32.3,35.7,60.6,4.7,7.3,72.5,72.3,49.3,7.4,24.7,17.5,49.4,15.1,38.1,36.3,74.7,37.3,77.3,17.4,4,"(40.9146874977, -74.1624181271)",8859,Northeast,Middle Atlantic
New Jersey,NJ,Trenton,84913,28.7,38.2,64.5,5.1,7.9,74.3,75.3,51,8.8,24.6,18,47.9,15.2,36.1,34.8,73.6,39.3,77.5,17.7,4.7,"(40.2237289981, -74.7639943311)",8859,Northeast,Middle Atlantic
New Jersey,NJ,Union City,66455,32.6,30,58.2,4.4,7.1,72.4,73,46.1,6.1,20.3,17.4,51.5,14,34.6,36,70.7,31.4,75.6,16.4,3,"(40.7674606884, -74.032293507)",8859,Northeast,Middle Atlantic
New Mexico,NM,Albuquerque,545852,17,25.9,54.3,6.1,5.3,61.1,70.1,63.9,5.4,32.7,32.6,64.2,9.3,29.2,20.4,75,25.5,80.4,12.1,2.6,"(35.1055025771, -106.647447696)",7214,West,Mountain
New Mexico,NM,Las Cruces,97618,19.9,29.1,57.1,5.7,5.5,61.2,67.5,55.3,5.8,33.1,25.1,64,10.3,31.4,21.1,70.2,28.8,79.5,13.5,2.8,"(32.326638797, -106.789465579)",7214,West,Mountain
New Mexico,NM,Rio Rancho,87521,13.2,25.3,53.6,6,5.2,61.1,70.4,62,5.3,35.9,29.4,65.2,8.2,30.5,18.3,71,25,81.7,11,2.4,"(35.287307935, -106.697981552)",7214,West,Mountain
New Mexico,NM,Santa Fe,67947,17.8,22.8,51.2,5.9,4.9,59,70.4,58.4,4.9,35.6,27.1,66.9,7.9,28.4,17,70.8,19.4,82,11.2,2.4,"(35.6662719601, -105.972662995)",7214,West,Mountain
New York,NY,Albany,97856,14.8,33.4,62.4,5.8,6,73.8,78.2,62.4,7.1,31.7,28.6,60.6,10.9,33.8,26.1,76.6,31.1,80.8,13.1,3.3,"(42.6663969604, -73.7986826267)",9778,Northeast,Middle Atlantic
New York,NY,Buffalo,261310,18.3,34.5,63.8,5.6,6.8,75.8,75.9,58.9,8.6,25.4,24.5,54.7,12.8,33,31.2,77.6,36.3,79.7,15.6,4.1,"(42.9014518233, -78.8475237264)",9778,Northeast,Middle Atlantic
New York,NY,Mount Vernon,67292,16.4,37.5,63.8,5.4,5.7,74.2,79.7,62.4,6.4,25.8,28.4,56.4,12.5,33.4,28,79.9,33.5,83.2,13.1,3.7,"(40.9136008569, -73.8291001676)",9778,Northeast,Middle Atlantic
New York,NY,New Rochelle,77062,14.9,30.7,59.3,5.6,5.2,70.4,79.1,65.2,5.3,30.6,32.9,64.9,9.3,33.8,23.3,79.1,26.7,83.8,10.9,2.6,"(40.9321713141, -73.7843883178)",9778,Northeast,Middle Atlantic
New York,NY,New York,8175133,18.3,30.7,59,5.3,5.6,74.3,77,62.2,6,28.6,26.3,61.3,11.2,34.1,28.8,77.9,26.3,80.7,13.1,3.1,"(40.694960689, -73.9313850409)",9778,Northeast,Middle Atlantic
New York,NY,Rochester,210565,20.3,38,65,5.7,6.9,70.4,76.6,59.1,8.6,26.6,28.1,55.1,13.3,32.8,30.1,77.5,38.6,79.2,16,4.2,"(43.1679802918, -77.6162348882)",9778,Northeast,Middle Atlantic
New York,NY,Schenectady,66135,17.4,31.9,60.8,5.9,6.5,72.4,76.5,60.3,8.3,28.6,29.4,58,10.8,36.3,28.6,73.9,32.5,79,14.8,3.5,"(42.8025204414, -73.9275333869)",9778,Northeast,Middle Atlantic
New York,NY,Syracuse,145170,19.1,33.3,62.3,5.9,7,72.6,75,60.4,9.1,28.5,25.6,54.9,11.8,36,30.7,75.1,33.7,77.8,16,4,"(43.0409202097, -76.1437679213)",9778,Northeast,Middle Atlantic
New York,NY,Yonkers,195976,18.1,30.8,59.5,5.5,5.5,69.6,78.5,61.6,5.8,29.7,31.7,60.7,10.2,34.1,26.5,77.3,28.2,81.4,12.4,2.8,"(40.9465025597, -73.8636959965)",9778,Northeast,Middle Atlantic
North Carolina,NC,Asheville,83393,16.7,33.3,60.8,6.2,6.1,74.8,76.2,69.6,6.3,36.8,40.9,67.5,8.7,33.5,20.1,81.2,26.4,84.6,11.2,2.9,"(35.5708251391, -82.5537350816)",7264,South,South Atlantic
North Carolina,NC,Cary,135234,12.2,25.8,56.1,5.9,5,72.2,79,74.2,4.3,43.6,43.8,73.6,6.8,31.6,14.4,83.9,21.2,87.5,8,2.1,"(35.7814978722, -78.8152191642)",7264,South,South Atlantic
North Carolina,NC,Charlotte,731424,19.8,34.7,61.5,5.8,6.1,74.6,77.1,67.9,6.1,38.2,38.5,62.2,10.3,36,20.5,79.8,27.8,85.1,11.4,3.3,"(35.2078721969, -80.8300754645)",7264,South,South Atlantic
North Carolina,NC,Concord,79066,19.5,33.8,62,6,6.5,73.3,76.3,67.1,6.9,39,36.1,60.5,9.4,34.7,22.5,80.7,28.2,83.9,12.3,3.1,"(35.3939316958, -80.6352429349)",7264,South,South Atlantic
North Carolina,NC,Durham,228330,20.4,35,63.5,5.7,6.3,76.6,77.8,69.6,6.2,39.2,38.8,65,10.8,31.8,22.8,84.1,31.3,85.5,11.8,3.5,"(35.9809147402, -78.9059161097)",7264,South,South Atlantic
North Carolina,NC,Fayetteville,200564,19.2,38.8,63.7,5.7,6.6,78.3,76.6,68.2,6.7,37,39.9,63.1,11.8,31.7,24.1,81.5,34.6,84.8,12.5,3.6,"(35.0851309527, -78.9791676456)",7264,South,South Atlantic
North Carolina,NC,Gastonia,71741,24.6,35.8,64.1,6,7.1,73.3,74.6,63.4,8.3,34.3,35.3,54.5,11.2,37,28.3,76.6,32.6,81.8,14.5,3.7,"(35.2472984431, -81.1836588468)",7264,South,South Atlantic
North Carolina,NC,Greensboro,269666,20.6,35.7,63.7,5.7,6.3,75.3,76.5,68.2,6.7,38.5,37.6,59.2,10.7,34.2,22.7,80.6,32.8,83.2,12.1,3.5,"(36.0960480415, -79.8276833061)",7264,South,South Atlantic
North Carolina,NC,Greenville,84554,19.8,38.9,65.2,5.8,6.8,76.4,75.8,66.6,7.3,36,36.6,60.8,11.3,35.5,24.6,79.3,32,83.1,13.2,3.8,"(35.5959211876, -77.3766133673)",7264,South,South Atlantic
North Carolina,NC,High Point,104371,22.7,35,63.3,5.7,6.7,74.3,75.9,65.9,7.5,37.5,36,57,11.1,34.5,24.6,79,32.7,81.2,13.3,3.7,"(35.9881243803, -79.9932956384)",7264,South,South Atlantic
North Carolina,NC,Jacksonville,70145,19.9,36.8,61.3,5.9,6.5,74.3,75.5,68.8,6.8,38.7,38,62,10.3,35.2,24.2,80.4,31.6,83.7,12.5,3.3,"(34.7331103037, -77.3951822819)",7264,South,South Atlantic
North Carolina,NC,Raleigh,403892,17.8,30.4,59.9,5.8,5.8,72.7,77.6,70.4,5.6,40.7,39.5,64.8,9.2,32.2,18.6,82.8,27.4,85.8,10.6,2.9,"(35.8322080933, -78.6440243809)",7264,South,South Atlantic
North Carolina,NC,Wilmington,106476,19.5,34.7,62.3,6,6.4,75,76.7,67.6,6.7,40.8,40.4,65,9.5,34.8,20.5,81.8,28.2,83.6,12.2,3.2,"(34.2102758569, -77.8872842368)",7264,South,South Atlantic
North Carolina,NC,Winston-Salem,229617,23.8,34.1,66,5.8,6.7,75.4,76.1,66.6,7.2,41,41,60.7,11.6,35.1,24.8,81.1,34.8,81.5,13.3,3.7,"(36.1029453039, -80.2609889241)",7264,South,South Atlantic
North Dakota,ND,Fargo,105549,9.9,30.4,60.5,5.9,5.7,67.4,72.6,63.9,4.5,39.7,37.1,71.7,7.5,30.8,18.9,79,31.7,82.4,8.3,2.5,"(46.8652457832, -96.8289882328)",9851,Midwest,West North Central
Ohio,OH,Akron,199110,17.6,36.2,66.9,5.7,7.5,70.1,72.9,56.6,9.4,28.8,26.9,51.3,13,33,31,70.1,37.3,74.7,15.5,3.9,"(41.0801444942, -81.5219213688)",8712,Midwest,East North Central
Ohio,OH,Canton,73007,19.2,36.5,65.1,5.9,7.9,69.3,70.9,55.4,10.3,30.9,26.7,50.9,13.3,34.3,32.6,71.6,38.6,73.7,16.5,4,"(40.8080192662, -81.3676594998)",8712,Midwest,East North Central
Ohio,OH,Cincinnati,296943,17.3,36.9,65,5.7,7.3,72.7,73.2,61.1,8.8,32.9,25,58.1,13.8,32.8,27,74.6,36.5,78.3,14.9,4.2,"(39.1411747124, -84.5060004524)",8712,Midwest,East North Central
Ohio,OH,Cleveland,396815,23.3,38.7,67.1,5.5,8.3,73.1,72.8,54.6,10.8,26.5,21.1,48.7,16.8,32.4,34.2,74.1,42.1,73.3,18.4,5.1,"(41.4765345821, -81.6805494865)",8712,Midwest,East North Central
Ohio,OH,Columbus,787033,14.8,34.4,64.4,6,7,71.9,74.9,62.9,8.2,31.5,29.9,63.2,12.4,34.7,27,76.4,35,80,13.7,3.6,"(39.9859500484, -82.9851738516)",8712,Midwest,East North Central
Ohio,OH,Dayton,141527,20.5,38.8,66.7,5.6,8.6,70.8,72.1,57.2,10.7,29.6,22.6,48.5,15.9,33.6,32.2,73.4,47.2,74.8,17.9,4.9,"(39.779768039, -84.1997930517)",8712,Midwest,East North Central
Ohio,OH,Parma,81601,11.9,27.1,59.3,5.9,6.4,70.4,76.2,65,7.6,35.5,30.7,67.7,9.2,31,22.6,76.4,29.8,80.1,11.8,2.7,"(41.3842399838, -81.728599153)",8712,Midwest,East North Central
Ohio,OH,Toledo,287208,18.3,36.2,66.1,5.8,7.8,68.6,71.8,57.6,9.7,28.8,31,57,13.3,31.4,32.5,73,41,75.7,15.9,3.9,"(41.6637399604, -83.5823818449)",8712,Midwest,East North Central
Ohio,OH,Youngstown,66982,24.8,39.6,67.4,5.6,8.6,70.9,69.2,53.3,11.1,28,22.2,45.2,16.2,33.4,36.5,71,43.8,72.4,19.1,4.9,"(41.0993286607, -80.6463187081)",8712,Midwest,East North Central
Oklahoma,OK,Broken Arrow,98850,11.9,32.2,60.9,5.9,6,62.5,73.1,64.4,6,42.3,42,61.7,8.7,34.1,23,70.1,27.2,80.1,11.2,2.5,"(36.0366324911, -95.7809572414)",7627,South,West South Central
Oklahoma,OK,Edmond,81405,11.2,30.8,59.5,6.1,5.6,63.4,73.3,65.7,5.4,42.6,43.6,68,7.7,33.9,20.1,75.6,26.8,82.8,9.9,2.3,"(35.6689350516, -97.4159205309)",7627,South,West South Central
Oklahoma,OK,Lawton,96867,18.1,37.6,63.6,5.8,7.2,65.5,71.6,53.2,8,37.5,35.4,50.2,12,34,31.3,67.6,35.4,73.5,15.1,3.4,"(34.6170564899, -98.4203934803)",7627,South,West South Central
Oklahoma,OK,Norman,110925,13.8,35.4,60.8,6,6.4,60.6,72.6,61,6.7,41.6,36.6,62.5,9.3,36.2,26.3,71.5,30.6,76.2,12.5,2.7,"(35.2335032647, -97.3470413838)",7627,South,West South Central
Oklahoma,OK,Oklahoma City,579999,19.6,34.7,61.9,5.8,6.9,62.5,71.5,57.8,7.4,37.8,37.3,56.3,10.9,34.9,28.5,71.6,32.4,77.3,14.1,3.2,"(35.467564288, -97.5137615524)",7627,South,West South Central
Oklahoma,OK,Tulsa,391906,18.4,36.1,63.9,5.8,6.9,61.9,70.7,60.1,7.5,40.4,38.6,52.8,11.1,34.6,28.1,67.1,31.7,76,14.4,3.3,"(36.1284213425, -95.9036195464)",7627,South,West South Central
Oregon,OR,Beaverton,89803,12.7,27.7,54.3,6.4,5.1,63.5,72.3,64.2,5,30.8,31.8,67.1,8.2,32.5,15.3,77.9,25.1,82.1,11.3,2.5,"(45.4795765674, -122.814973469)",8044,West,Pacific
Oregon,OR,Bend,76639,11,27.8,50.4,6.8,5.3,60.9,71.9,66,5.2,37.3,30.2,68.7,7.4,32.4,14.6,76.8,26.1,82.9,11.1,2.5,"(44.0561827184, -121.308690416)",8044,West,Pacific
Oregon,OR,Eugene,156185,13.2,28.6,53.6,6.7,5.5,58,68,64.6,5.9,34.6,32,65.1,7.9,32.8,14.9,77.3,28.7,79.7,12.3,2.7,"(44.0559363346, -123.117327584)",8044,West,Pacific
Oregon,OR,Gresham,105594,17.5,27.4,51.6,6.6,5.9,57.7,70.7,61.6,6.6,32.4,28,60.4,9.5,31.3,18.9,75,26.9,78.7,14.5,3,"(45.5024256798, -122.441469029)",8044,West,Pacific
Oregon,OR,Hillsboro,91611,14.3,27.5,54,6.4,5.3,63.1,72.4,63.5,5.3,30.4,32.1,65.5,8.6,32.4,16.2,77.5,26,82.2,11.9,2.6,"(45.529027994, -122.937442209)",8044,West,Pacific
Oregon,OR,Medford,74907,17,28.9,52.9,6.6,6.2,58,69,58.5,6.9,31.4,26.4,57.2,9,30.8,20.3,73.5,29.7,78.4,14.8,3,"(42.3371987584, -122.853625909)",8044,West,Pacific
Oregon,OR,Portland,583776,12.6,27.4,51.6,6.5,5.3,59.1,71.3,65,5.3,34.1,30.4,66.9,8.6,31.1,15.4,77.6,24.3,81.2,12,2.7,"(45.537180654, -122.650032751)",8044,West,Pacific
Oregon,OR,Salem,154637,17,31,52.7,6.5,6,60.5,68.3,62.4,6.3,31.1,29.5,61.9,9.3,31,18.5,77,32.6,78.3,13.9,2.9,"(44.923273154, -123.0248671)",8044,West,Pacific
Pennsylvania,PA,Allentown,118032,25.8,33.6,63.1,5.9,7.2,67.1,69.2,56.6,8,33.2,28.6,53.4,13.2,33.6,32.3,74.1,36.6,76.5,16.3,3.5,"(40.596099618, -75.4755373968)",9258,Northeast,Middle Atlantic
Pennsylvania,PA,Bethlehem,74982,17.1,32.4,62,6,6.2,68.7,71.9,62.9,6.5,33.9,31.1,61.6,10.6,33.2,26.2,76.6,33.6,79.7,12.5,2.8,"(40.6266402578, -75.3679048175)",9258,Northeast,Middle Atlantic
Pennsylvania,PA,Erie,101786,17.7,34.1,63.5,6.2,7.2,70.2,70.9,61.2,8.6,31.4,29.3,57.2,11.7,34.9,26.1,74.5,36,75.7,14.8,3.6,"(42.1164698754, -80.0730358517)",9258,Northeast,Middle Atlantic
Pennsylvania,PA,Philadelphia,1526006,20.1,34.7,66.7,5.7,6.7,72.3,73.5,62.5,7.4,29.3,29.3,55.3,13.2,33.3,29,79.9,33.9,78.4,15.2,4,"(40.0093147808, -75.1333888571)",9258,Northeast,Middle Atlantic
Pennsylvania,PA,Pittsburgh,305704,13.5,31.3,64.5,6,6.4,71.2,73.3,60.8,6.9,33.5,25.9,60.3,11,29.6,24.6,76.4,33.1,79.6,12.7,3.4,"(40.4396297486, -79.9762614995)",9258,Northeast,Middle Atlantic
Pennsylvania,PA,Reading,88082,33.7,35.4,64,5.5,8.5,68.5,65.7,48.4,9.4,27.2,23.3,47.8,16.1,35.9,37.1,70.5,41.7,71.6,20.1,4.3,"(40.3399678686, -75.9266128837)",9258,Northeast,Middle Atlantic
Pennsylvania,PA,Scranton,76089,16.2,33.4,62.7,6.2,6.9,70.5,72.2,58.5,7.9,33.1,26.9,59.2,10.5,31.9,27.3,73.3,32.1,76.1,14.1,3.2,"(41.4043729362, -75.6649126898)",9258,Northeast,Middle Atlantic
Rhode Island,RI,Cranston,80387,9.8,30.8,61.2,6.1,5.4,80.4,80.2,71.5,5.7,34.6,35.7,70.5,8.4,33.4,24,85.1,25.5,86.4,10.9,2.5,"(41.7658017135, -71.4861485002)",9551,Northeast,New England
Rhode Island,RI,Pawtucket,71148,14.9,33.7,63.1,6,6.5,79.9,78.8,65.2,7.7,31.1,30.5,61.4,10.8,34.1,30.3,82.2,30.3,83.4,14.6,3.3,"(41.8744534517, -71.3743580803)",9551,Northeast,New England
Rhode Island,RI,Providence,178042,18.5,35.9,64.2,5.6,6.5,79.8,76.8,62.2,7,30.3,28.9,58.9,12.7,35.1,32.2,82.3,31.6,81.8,15.4,3.4,"(41.823480533, -71.4218129335)",9551,Northeast,New England
Rhode Island,RI,Warwick,82672,8,30.2,57.9,6.3,5.4,80.6,80.9,72.8,5.7,36.3,38.5,72.1,7.7,31,22,84.7,28.9,86.4,10.7,2.4,"(41.7064727301, -71.4345615049)",9551,Northeast,New England
South Carolina,SC,Charleston,120083,15,32.5,64.7,6.3,5.5,69,77.8,69.5,5.7,44.6,36.5,66.1,9.8,35.9,19.4,79.8,28,84.1,10.5,3,"(32.8136961892, -79.967381899)",7311,South,South Atlantic
South Carolina,SC,Columbia,129272,20.8,37.2,66.4,6.2,6.5,68.5,77.3,64.9,7.2,36.8,34.5,56.7,13.2,35.9,24.9,79.6,34.4,81.8,13.8,4,"(34.0366069566, -80.9037852694)",7311,South,South Atlantic
South Carolina,SC,Mount Pleasant,67843,10,27.5,61.2,6.6,4.8,68.5,79.4,73.6,4.4,49.2,41.8,75.3,7.1,35.1,14.6,80.8,22.7,87.1,7.9,2.1,"(32.8538274584, -79.8230343029)",7311,South,South Atlantic
South Carolina,SC,North Charleston,97471,25.2,37.4,67.6,6,7,69.5,76.6,61.5,8.1,38.2,30,52,13.7,36.7,28.4,76.3,35.5,79.4,15,4.3,"(32.9100915071, -80.0738525014)",7311,South,South Atlantic
South Carolina,SC,Rock Hill,66154,20.1,40.6,65.3,6.1,6.3,66.7,76.9,63.3,7.2,32.1,32,57.5,12,34.6,24.2,73.2,33.8,80.8,13.4,3.5,"(34.9403611496, -81.0249178286)",7311,South,South Atlantic
South Dakota,SD,Rapid City,67956,12.7,29.4,60.9,6.2,6.4,66.4,70.6,63.1,5.8,45.2,35,65.9,8.2,28.3,20.3,74.8,28.1,82.6,10.5,2.9,"(44.0705009564, -103.218361421)",8933,Midwest,West North Central
South Dakota,SD,Sioux Falls,153888,11.8,28.1,60.8,6.1,6,70.1,72.6,66.2,5.3,42.6,36.3,69.4,7.7,30,19.8,79.1,30.5,85.4,9.2,2.7,"(43.5388067537, -96.7313495858)",8933,Midwest,West North Central
Tennessee,TN,Chattanooga,167674,18.5,39.2,67.3,6.1,7.2,74.5,76.3,61.6,8.5,35.1,35.3,54.2,12.6,31.6,29.2,80.4,35.1,83.2,15.6,3.8,"(35.0662472165, -85.2466771892)",7372,South,East South Central
Tennessee,TN,Clarksville,132929,16.2,38.2,65.5,6.2,7,75.8,76.6,63.4,7.9,35.8,37.2,56.9,11.4,33.3,28.2,80,30.8,83.7,14.3,3.3,"(36.569683159, -87.3432371614)",7372,South,East South Central
Tennessee,TN,Knoxville,178874,17.4,35.7,66.6,6.5,7.1,74.7,76.9,62.6,8.6,38.3,39.8,56.4,11.2,31.8,27.7,77.1,32.4,82.8,15.6,3.4,"(35.9690594531, -83.9495877264)",7372,South,East South Central
Tennessee,TN,Memphis,646889,22.6,42.2,69.1,5.8,7.5,78.2,76.4,61.3,8.9,29.6,32.8,49.5,14.9,33.1,31.6,79,36.3,83.9,17,4.6,"(35.1046295042, -89.978906085)",7372,South,East South Central
Tennessee,TN,Murfreesboro,108755,14.6,36.9,65.3,6.4,6.6,75,76.8,65,7.4,39.3,37.3,59.1,10.2,32.1,24.5,80.3,29.9,84.3,13.3,2.9,"(35.850778195, -86.408628238)",7372,South,East South Central
Tennessee,TN,Nashville,601222,17.2,35.9,67.4,6.2,6.9,74.9,76.9,63,7.7,35.9,36,56.9,11.3,31.8,26.7,81.2,31.1,84.2,14.4,3.3,"(36.1712229904, -86.7845944773)",7372,South,East South Central
Texas,TX,Abilene,117063,24.7,31.6,60.6,6,6.3,67.3,72.6,58.5,6.7,31.6,30.9,55,10.9,34.4,27.7,74.5,33.7,76.3,12.6,3.1,"(32.4546510898, -99.7383043723)",6998,South,West South Central
Texas,TX,Allen,84246,13,27.1,58.2,6.1,4.6,71.4,78.5,67.5,4.2,35.5,38.1,71.7,7.8,30.2,18.8,80,24.2,83,7.8,2.1,"(33.1087043234, -96.6735373763)",6998,South,West South Central
Texas,TX,Amarillo,190695,24.8,30.8,61.1,6,6,66.7,72.4,59.6,6.3,32.6,33,57.1,10.4,33.5,27.9,74.8,32,76.2,12,2.9,"(35.2003835544, -101.828292514)",6998,South,West South Central
Texas,TX,Arlington,365438,24.1,32.4,61.7,5.9,5.7,68.5,74.9,62.9,6,35.3,34.8,58.4,10.9,32.9,26,75.9,32.2,79.2,11.5,2.9,"(32.699836862, -97.125089612)",6998,South,West South Central
Texas,TX,Austin,790390,20.9,28.5,58.1,5.7,5.3,67.2,74.4,61.1,5,34.1,31.9,63.7,9.7,33.5,21.4,77.1,26,82.6,10.2,2.6,"(30.3068610342, -97.7554771245)",6998,South,West South Central
Texas,TX,Baytown,71802,30.9,33.4,61.7,5.5,6.4,67.8,73.3,56.5,6.9,28.5,29.8,53.1,12.3,34.7,30,75.1,34.4,76.6,13.3,3.4,"(29.7571153043, -94.9676276217)",6998,South,West South Central
Texas,TX,Beaumont,118296,26.2,36.7,66.3,5.6,6.3,71.2,72,59.1,6.9,28.1,29.5,51.9,13.4,33.2,30.4,76.3,37.4,77.2,13.3,4,"(30.084416647, -94.1441072222)",6998,South,West South Central
Texas,TX,Brownsville,175023,46.7,33.7,60.7,4.3,7.2,63.4,65.3,44.9,6.3,27.3,20,44.3,16.9,35.8,37.7,67.5,39.9,72.4,17.4,3.5,"(25.9981977861, -97.4566343763)",6998,South,West South Central
Texas,TX,Bryan,76201,28.7,33.3,63.1,5.7,6.4,70,72.7,60.9,6.8,34.9,31.3,61.1,12.6,33.3,29.2,76.3,34.8,76.4,13.7,3.5,"(30.6665687582, -96.3663819223)",6998,South,West South Central
Texas,TX,Carrollton,119097,21.3,28.9,59.1,5.7,5.2,69.5,74.8,62.6,5,35.1,34.8,62.9,9.6,33.3,23.8,78.4,26.8,78.8,9.9,2.5,"(32.988438459, -96.900137433)",6998,South,West South Central
Texas,TX,College Station,93857,17.4,31.1,62.2,6.1,5.5,70.6,73.1,67.4,5.4,38.9,34.9,71.2,9.5,33,21.8,78.6,28.3,77.8,10.2,2.7,"(30.5867615801, -96.2957958614)",6998,South,West South Central
Texas,TX,Corpus Christi,305215,29.3,31.7,59.9,5.3,6,67.3,71,57.6,5.6,29,27.2,56.7,12.6,33.6,29,78.6,37.3,79.2,12.8,2.9,"(27.7291588337, -97.4019095379)",6998,South,West South Central
Texas,TX,Dallas,1197816,31.6,34.9,62,5.5,6.4,68.6,70.3,57.8,6.5,32.4,30.5,53.5,13.2,33.9,30.5,77.5,34.3,76.4,13.8,3.7,"(32.7939804066, -96.7656929463)",6998,South,West South Central
Texas,TX,Denton,113383,21.1,30.1,60.9,6.1,5.6,69.4,75.6,61.3,6,35.4,33.2,59.4,9.7,34,24.1,76.5,29.9,77.2,11,2.8,"(33.2156160443, -97.1412438684)",6998,South,West South Central
Texas,TX,Edinburg,77100,39.5,31.5,59.7,4.3,6.2,65.2,66.3,51,5.2,29.3,26.8,55.1,15.1,34.7,30.1,71.4,36.5,75.8,14.2,3,"(26.3155843974, -98.1637130371)",6998,South,West South Central
Texas,TX,El Paso,649121,35.5,31,60.8,4.5,6.2,66.3,69.6,52,5.2,25.2,24.7,54,14.9,32.5,29,75.1,35.5,78.1,13.8,3,"(31.8481123506, -106.432021874)",6998,South,West South Central
Texas,TX,Fort Worth,741206,27,33.6,61.9,5.7,6.2,68,74.5,59.6,6.6,32.6,31.4,55.4,12.5,33.2,28.3,74.8,34.2,78.5,13,3.4,"(32.780192804, -97.3470323225)",6998,South,West South Central
Texas,TX,Frisco,116989,11.9,26.8,58.1,6.1,4.4,71.6,78.9,68.4,3.9,36.8,38.6,73.2,7.5,30.9,17.3,80.7,23.7,84.2,7.3,2,"(33.1507545152, -96.8201336312)",6998,South,West South Central
Texas,TX,Garland,226876,28.8,31.7,60,5.6,6,67.9,70.9,59.2,6.3,33.5,32.2,56.2,11.5,33.6,29.2,77,30.8,76.1,12.6,3.1,"(32.9100799867, -96.6304258603)",6998,South,West South Central
Texas,TX,Grand Prairie,175396,27.4,32.5,60.7,5.5,6,68.8,72.4,59.9,6,32.6,31.1,57.2,11.9,33.3,28.2,77.3,32,78.8,12.2,3.1,"(32.6867650238, -97.0209311916)",6998,South,West South Central
Texas,TX,Houston,2099451,31.1,35.1,62.9,5.2,6.1,68.9,72.8,57.6,6.1,28.4,30.2,53.9,13,34.8,29.7,77.2,33.9,76.5,12.9,3.5,"(29.7806691396, -95.3860033966)",6998,South,West South Central
Texas,TX,Irving,216290,27.3,31.9,59.9,5.5,6.1,68,70.4,58,6.2,33.3,31.4,57.8,11.5,33.9,28.3,76.5,29.7,76.4,12.4,3.1,"(32.8583808131, -96.9703058323)",6998,South,West South Central
Texas,TX,Killeen,127921,22.4,35.3,63.6,5.5,6,72,73.3,59.3,6.1,33.3,29.4,57.5,12.5,33.4,28.7,76.4,33.8,77.5,12.2,3.4,"(31.0757648143, -97.7285651299)",6998,South,West South Central
Texas,TX,Laredo,236091,44.2,33.2,60.8,4.1,7,64.9,65.7,45.1,5.8,24.6,20.1,46.1,16.8,34.6,37.6,70.2,38.6,73.9,17,3.4,"(27.5482572475, -99.4867797312)",6998,South,West South Central
Texas,TX,League City,83560,13.9,28.1,59,6.2,4.8,69.7,76.6,67.7,4.4,36.2,37.9,72.2,8,31.9,18.3,81.2,26.8,84.3,8,2.2,"(29.4872995808, -95.1089858945)",6998,South,West South Central
Texas,TX,Lewisville,95290,20.2,28.6,59.6,5.8,5.4,70.2,77.3,61.3,5.5,33.9,32.6,61.3,9.7,33.3,23.8,77,28.3,79.2,10.4,2.6,"(33.0451992429, -96.9829273031)",6998,South,West South Central
Texas,TX,Longview,80455,24.8,33.7,61.9,6,6.2,66.9,72.8,59.8,6.9,32.4,31.6,53.5,11.4,33.9,28.7,74.3,35.7,77.3,12.8,3.4,"(32.5192857856, -94.762197598)",6998,South,West South Central
Texas,TX,Lubbock,229573,24.7,31.8,60.8,5.8,6,67.4,71.3,59.3,6,34,31.3,57.5,10.9,33.4,27.8,75.4,33,77.4,12,3,"(33.5666251178, -101.886335663)",6998,South,West South Central
Texas,TX,McAllen,129877,38,31.1,59.5,4.4,6.2,65.4,66.6,51.4,5.3,29.6,26.7,56.3,14.6,34.6,29.5,71,35.6,75.6,14,3,"(26.2186289942, -98.2451704536)",6998,South,West South Central
Texas,TX,McKinney,131117,16.3,28.2,58.8,6.1,5,70.9,77.9,65.7,4.8,34.8,35.8,68.3,8.6,30.4,20.9,78.9,27,82.8,9,2.4,"(33.1988886952, -96.6677029773)",6998,South,West South Central
Texas,TX,Mesquite,139824,26.1,32.3,60.7,5.8,6.1,68.8,71.8,59.6,6.6,33.5,32,57.3,11.2,33.3,28.1,77,32.1,78.1,12.4,3.2,"(32.7641310166, -96.5927445114)",6998,South,West South Central
Texas,TX,Midland,111147,23.1,31.1,59.2,5.8,5.6,67.9,74.2,61.7,5.4,32.4,32.7,60.4,10.2,31.1,25.8,76.4,32.1,81.1,10.8,2.7,"(32.0285948356, -102.109700973)",6998,South,West South Central
Texas,TX,Mission,77058,39.9,30.8,59.2,4.6,6.3,65.2,66.8,51.7,5.5,30.6,28.5,55.5,14.3,34.4,30.1,70.9,35.8,75.5,14.1,3,"(26.2033406464, -98.322770513)",6998,South,West South Central
Texas,TX,Missouri City,67358,17.8,33.4,63.2,5.3,4.8,72.4,79.3,65,4.3,30.6,32.8,63.4,10.6,33.9,23.5,80.5,29,82.5,8.9,2.7,"(29.563674661, -95.5382066661)",6998,South,West South Central
Texas,TX,Odessa,99940,29,31.7,59.6,5.6,6.2,64.9,70.2,56.2,6.1,29.9,30.2,53.7,11.7,35.1,30.1,74.6,35,78.6,12.8,3,"(31.879456461, -102.344465435)",6998,South,West South Central
Texas,TX,Pasadena,149043,35.4,31.7,60.1,5.3,6.3,66.3,72.2,56,6.5,28.9,30.3,52.7,12.2,35,31,74.8,33.6,75.5,13.6,3.1,"(29.6589511488, -95.1509173148)",6998,South,West South Central
Texas,TX,Pearland,91252,15.5,28.5,59.9,5.7,4.8,70.2,75.7,66.1,4.3,31.9,36.7,68.3,8.9,31.8,20.7,78.5,27.5,82.9,8.3,2.3,"(29.5584850577, -95.3208389111)",6998,South,West South Central
Texas,TX,Pharr,70400,49,32.8,60.4,4.4,7,63.8,64.6,45.4,6.4,28.3,25.3,47.3,16.8,35.5,35.6,67.5,39.6,70.8,17.3,3.5,"(26.168815399, -98.1904720704)",6998,South,West South Central
Texas,TX,Plano,259841,14.7,27.4,58.5,6,4.6,71.3,77.7,66.7,4.1,35.7,38.1,70.5,8,30.5,19.6,79.8,24,81.9,7.9,2.1,"(33.0502149278, -96.7486409797)",6998,South,West South Central
Texas,TX,Richardson,99223,16.2,29.2,58.8,6,4.8,69.7,73.7,66.4,4.5,37.6,38,68.8,8.3,32.3,20.6,80.2,24.7,80.6,8.6,2.3,"(32.9716582389, -96.7093052991)",6998,South,West South Central
Texas,TX,Round Rock,99887,18.3,28.1,58.5,5.8,5.2,68.9,76.7,65.1,4.9,35.3,37.2,65,9.1,30.6,21.3,79.7,32.2,81.7,9.6,2.4,"(30.5239578235, -97.6669801882)",6998,South,West South Central
Texas,TX,San Angelo,93200,26.6,31.8,60.5,5.8,6.1,66.4,72.1,56.4,6.3,30.9,31.1,55.6,11.3,33.5,28.7,74,34.2,76.8,12.3,2.9,"(31.440468746, -100.452243142)",6998,South,West South Central
Texas,TX,San Antonio,1327407,30.2,31.4,60.3,5.3,6.1,69.2,71.9,59.8,5.5,29.9,29.7,58.9,13.8,32.5,29.5,78.8,32.9,77.7,12.9,3,"(29.4721475333, -98.5246763525)",6998,South,West South Central
Texas,TX,Sugar Land,78817,13.9,28.2,59.4,5.4,4.2,69.6,78.9,65.7,3.6,32.5,35.5,69,8.4,34.4,20.9,79.5,21.1,79.7,7.3,2,"(29.5974680902, -95.627455775)",6998,South,West South Central
Texas,TX,Tyler,96900,24.7,33.3,64.5,5.9,6,68.9,73.2,60,6.6,32.4,31,58,11.5,33,29.4,74.7,34.7,76.7,12.6,3.4,"(32.3154021183, -95.3050093799)",6998,South,West South Central
Texas,TX,Waco,124805,29.7,36.5,64.2,5.7,6.5,67.1,70.9,56.3,7.4,29,30.2,49.1,13.1,34.7,31.6,74.3,36.4,74.5,14.4,3.7,"(31.5597607137, -97.1883333282)",6998,South,West South Central
Texas,TX,Wichita Falls,104553,22.5,32.7,61.3,6.1,6.3,70.2,72.8,60.6,6.8,31.5,31.9,59.3,11.4,33.9,28.7,75.4,34.1,77.5,12.3,3.1,"(33.9072739838, -98.5292981697)",6998,South,West South Central
Utah,UT,Layton,67311,13.1,27,53.3,5.8,4.9,59.2,71.8,70.4,4.1,41.8,31.2,71.2,7.7,33,16.9,73.3,27,77.9,10,2.5,"(41.077181614, -111.961589302)",5982,West,Mountain
Utah,UT,Ogden,82825,22.7,31.5,55.6,5.8,6,59.9,67,61.7,5.6,29.6,25.2,60.1,10.4,34.1,23.1,66.6,33.9,70.6,14.4,3.2,"(41.2281567535, -111.967450557)",5982,West,Mountain
Utah,UT,Orem,88328,16,24.6,51.6,5.9,5.2,55.5,69,65.1,4.4,33.2,28.9,66.1,7.9,30.5,17.1,69.7,28,72.2,10.9,2.7,"(40.2987127625, -111.699188517)",5982,West,Mountain
Utah,UT,Provo,112488,18.6,25.8,52.7,5.8,5.2,54.9,66.9,64,4.6,33.6,29.3,63,8.3,31.1,18.3,69.3,29.4,69.3,11.8,2.8,"(40.2457185288, -111.645715857)",5982,West,Mountain
Utah,UT,St. George,72897,16.7,26.3,53.3,6,5.5,59.2,67.2,65.3,4.8,32.1,30.5,66.4,7.8,30.4,18.3,73.9,26.1,75.4,11.5,2.8,"(37.0787444634, -113.579352503)",5982,West,Mountain
Utah,UT,Salt Lake City,186440,17.7,27.2,53.4,5.9,5.2,58.5,68.2,66.9,4.5,35.2,31.6,64.2,9.1,32.8,19,73.3,28.2,77.7,11.8,2.8,"(40.7778489465, -111.931220784)",5982,West,Mountain
Utah,UT,Sandy,87461,11,24.4,51.4,6.1,4.6,59.8,71.5,72.8,3.8,37.4,34.9,72.2,7.1,31.5,15,76.4,24.7,82.6,9.1,2.3,"(40.5702254423, -111.852431062)",5982,West,Mountain
Utah,UT,West Jordan,103712,14.3,24.7,51.6,6,4.9,59.2,71,70,4.2,35.7,33.3,68.1,8.1,31.6,17.4,74.9,26.5,80.9,10.4,2.5,"(40.6022598635, -112.000961848)",5982,West,Mountain
Utah,UT,West Valley City,129480,22.9,27.3,53.2,5.7,5.9,57.5,67.9,62.5,5.5,31.5,27.4,57.2,10.5,32.9,23.6,70.1,30.4,74.7,14,3.3,"(40.6887696962, -112.011667394)",5982,West,Mountain
Vermont,VT,Burlington,42417,10.1,27.9,54,6.2,5.3,62.4,73.2,67.9,5.9,32.6,33.6,69.8,7.1,26.5,17.7,79.6,22.6,82.1,10.4,2.6,"(44.4876245694, -73.2314828365)",10190,Northeast,New England
Virginia,VA,Alexandria,139966,12.3,27.5,61.4,5.7,4.7,72.9,80,72,4.3,38.8,37.7,75.2,8.1,30.9,17.6,83.4,23.3,87.6,8.4,2.3,"(38.8187351557, -77.0867762661)",7556,South,South Atlantic
Virginia,VA,Chesapeake,222209,13.6,34.6,63.2,5.8,5.6,76.7,79.4,70.5,5.9,39.9,34.3,71.8,9.4,32.8,23.3,82.2,31.4,86.4,10.4,2.8,"(36.6777521118, -76.3024325925)",7556,South,South Atlantic
Virginia,VA,Hampton,137436,17.1,35.1,66.6,5.6,6.1,77,77.6,66.6,6.6,35.3,33,65.2,11.7,31.3,26,82.4,37.7,84.2,12.1,3.5,"(37.0533009025, -76.3665945624)",7556,South,South Atlantic
Virginia,VA,Lynchburg,75568,18.3,33.6,64.9,5.8,6.3,73.1,75.6,63.9,7.4,35.3,32.7,61.5,10.9,33.9,27.1,78.1,32.2,81.5,12.9,3.5,"(37.4004163016, -79.1911081)",7556,South,South Atlantic
Virginia,VA,Newport News,180719,17.4,34.6,65,5.6,6,75.8,77.1,66,6.5,35.3,33.1,63.8,10.8,33,25.6,82.2,32.8,84.6,12,3.3,"(37.1051141309, -76.5182644502)",7556,South,South Atlantic
Virginia,VA,Norfolk,242803,17.9,34.7,64.4,5.5,6.2,76.6,76.6,64.5,7,34.7,31.9,62.8,11.6,33.5,26.7,82.2,33.1,82.6,12.5,3.6,"(36.8932863006, -76.2567157761)",7556,South,South Atlantic
Virginia,VA,Portsmouth,95535,18.9,36.8,66.1,5.6,6.4,78,76.2,66.1,7.3,36.3,31.9,59.1,12.5,35.2,28.7,82,38.6,83,13.1,3.9,"(36.8451450228, -76.3552763467)",7556,South,South Atlantic
Virginia,VA,Richmond,204214,19.8,39.5,67,5.5,6.4,73.2,76.7,63.4,7.3,35.8,30.9,62.2,12.5,33.5,25.7,81.8,33.1,81.8,13.4,4,"(37.5293933083, -77.475568168)",7556,South,South Atlantic
Virginia,VA,Roanoke,97032,19.5,35.1,64.2,5.7,6.5,72.2,75.2,62.8,7.7,39.7,32.3,61.2,11,34.1,27.6,77,32.7,80.7,13.4,3.5,"(37.2782181855, -79.9581615989)",7556,South,South Atlantic
Virginia,VA,Suffolk,84585,15.6,32,65.3,5.6,5.8,76.2,77.9,67.5,6.3,40,33.6,65.4,10.7,31.2,25.7,82.2,33.6,85.1,11.2,3.2,"(36.6930367981, -76.6414278469)",7556,South,South Atlantic
Virginia,VA,Virginia Beach,437994,12.7,29.8,60.9,5.8,5.3,73.6,79.7,72.3,5.3,36.2,37.3,71.6,8.4,34,21.4,81.1,29.5,86,9.6,2.5,"(36.7534593339, -76.0589579522)",7556,South,South Atlantic
Washington,WA,Auburn,70180,14.7,27.9,51,6.4,5.9,59.5,72.1,63.4,6.6,30.5,32.1,63.9,8.9,30.3,18.7,72.6,27,78.2,13.4,3,"(47.3038544325, -122.210810557)",7913,West,Pacific
Washington,WA,Bellevue,122363,8,25.4,49.6,6.2,4.2,61.7,73.2,71.2,3.6,34.8,39.8,76.6,6.5,29.3,12.2,78.5,18.8,82.2,8,2,"(47.5962437606, -122.153569982)",7913,West,Pacific
Washington,WA,Bellingham,80885,12.1,29.3,50.2,6.7,5.6,60,69.4,67.7,6.3,35.8,34.6,66.6,8.3,32.1,17.6,73.9,27,79.5,12.3,2.7,"(48.7535370315, -122.468092906)",7913,West,Pacific
Washington,WA,Everett,103019,14.5,31.5,51.3,6.5,6,61.3,72.4,64.9,6.8,32.4,32.5,62.7,9.5,33,20.4,76.6,32.3,79.4,13.2,2.9,"(47.9497966189, -122.160703911)",7913,West,Pacific
Washington,WA,Federal Way,89306,14.7,28.3,51.7,6.1,5.4,60.2,72,63.8,5.8,30.4,33.2,64.5,9,30,18.2,73.7,25.9,78,12.5,2.9,"(47.3090846316, -122.335755583)",7913,West,Pacific
Washington,WA,Kennewick,73917,16.8,29.2,52.2,6.5,6.3,61.6,70.2,65,7,29.9,34.5,61.2,9.5,33,21.6,74.7,31.2,78.2,13.8,3,"(46.198438428, -119.173245847)",7913,West,Pacific
Washington,WA,Kent,92411,16.2,28.8,52.1,6.1,5.7,59.8,71.4,62.6,6.3,29.9,32.5,62.3,9.4,30.3,19.3,72.9,26.5,76.8,13.3,3,"(47.3849636272, -122.217890194)",7913,West,Pacific
Washington,WA,Renton,90927,12.7,27.6,51.3,6,5,61,72.6,65.7,5.1,30.9,35.1,67.6,8.4,29.7,16.8,75.4,23.5,79.2,11.1,2.6,"(47.4760546752, -122.191153327)",7913,West,Pacific
Washington,WA,Seattle,608660,9.5,27.3,50.9,6.3,4.6,61.1,72.7,68.9,4.4,32.7,37.1,73,7.5,29.7,13.6,77.2,22.4,82.3,9.6,2.4,"(47.622154338, -122.323532482)",7913,West,Pacific
Washington,WA,Spokane,208916,12.9,29.8,52,6.9,6.1,63.1,68.5,67.4,6.9,32.2,33.6,62.5,9,33,19.7,76.3,32.6,79.2,13.2,3,"(47.6736243259, -117.415973291)",7913,West,Pacific
Washington,WA,Spokane Valley,89755,11.5,28.4,51,6.9,5.8,63.3,69.8,69.1,6.5,32.5,34.6,64.8,8.5,32.4,18.6,77.2,31.5,81,12.2,2.7,"(47.662556574, -117.234571922)",7913,West,Pacific
Washington,WA,Tacoma,198397,14.1,32.6,53.8,6.3,5.9,63.4,69.9,63.7,6.7,33.4,31,63.2,9.6,33.8,21.6,75.6,30.8,77.1,13.1,3,"(47.2425411445, -122.45447391)",7913,West,Pacific
Washington,WA,Vancouver,161791,12.8,29.5,52.7,6.6,5.9,59.9,71.8,66.9,6.5,31.3,37,64.9,9,32.3,19.5,78.5,29.5,80.4,12.6,2.8,"(45.6357172365, -122.598539476)",7913,West,Pacific
Washington,WA,Yakima,91067,24.2,30.8,53.5,6.3,6.9,59.2,64.8,57.7,7.7,25.7,29.2,55.1,11.1,34.5,27.2,70.3,34.2,76.5,16.3,3.3,"(46.5925792092, -120.547807614)",7913,West,Pacific
West Virginia,WV,Charleston,51400,11.4,37.6,63.2,6.4,7.2,78.1,75.3,67.6,8.5,47.5,44.9,62,10.9,35.1,23.6,80.2,33.2,82.1,14.5,3,"(38.3484079736, -81.632165003)",9462,South,South Atlantic
Wisconsin,WI,Appleton,72623,9.9,28.9,57.6,6.1,5.1,67.9,75.4,70.5,5,31.9,34,71,8,32.8,19.4,80,29.6,84.1,10.4,2.4,"(44.2776987457, -88.3897664444)",8702,Midwest,East North Central
Wisconsin,WI,Green Bay,104057,13.7,30.5,58.1,6,5.9,68.6,72.6,66.8,6.1,34.1,28.2,67.1,9.3,33.6,23.2,79.9,32.3,82.4,12.6,2.9,"(44.5149847816, -87.9896195955)",8702,Midwest,East North Central
Wisconsin,WI,Kenosha,99218,14.4,30.5,59.4,5.9,5.8,67.4,72.6,65.4,6,29.1,29.9,63.4,9.6,32.8,22.9,78.2,35.3,82.4,12.7,2.9,"(42.585570271, -87.8735745085)",8702,Midwest,East North Central
Wisconsin,WI,Madison,233209,9.9,27.4,60.1,5.9,4.8,68.2,75.2,71.1,4.5,36,34.4,73.4,7.6,31.6,17.7,79.9,27.5,84.8,9.7,2.3,"(43.0809865694, -89.3915106344)",8702,Midwest,East North Central
Wisconsin,WI,Milwaukee,594833,19.1,38.1,63.4,5.6,6.1,71.1,71.7,62.9,6.7,30.2,25,57.4,13.1,33.3,28.6,79,39,81.5,15.1,3.9,"(43.0641258925, -87.9672412429)",8702,Midwest,East North Central
Wisconsin,WI,Racine,78860,17.1,34,60.9,5.8,5.9,66.5,71.5,64.6,6.3,28.4,29.6,59.9,10.9,32.5,25,78.6,36.9,80.4,13.8,3.3,"(42.7274599494, -87.813453024)",8702,Midwest,East North Central
Wisconsin,WI,Waukesha,70718,10.1,28,57.9,6,5.1,66,74.8,66.8,4.8,33.1,33.5,72,8,30.5,18.9,80.5,30.7,84.6,10,2.4,"(43.0093332215, -88.2457679157)",8702,Midwest,East North Central
Wyoming,WY,Cheyenne,59466,17.2,28.7,57.2,5.9,5.7,60.2,71.3,57.8,6.4,33.2,28.4,65.3,8,30.7,24.2,72.1,29.6,79,10.7,2.5,"(41.1460804265, -104.789064332)",8320,West,Mountain
